Gene	LogFC	Pval
AL645608.8	AL645608.8	0.102386335832035	0.000348853372548007
AGRN	AGRN	0.265613831751242	0.000224802240047289
B3GALT6	B3GALT6	0.120283893217509	0.095240672053351
ACAP3	ACAP3	0.381971736511263	1.23742271250297e-05
ANKRD65	ANKRD65	1.36579226251131	0.00981541766389702
SSU72	SSU72	0.212746438435412	0.0818840932625739
GNB1	GNB1	5.71881214503168	0.0770093181180681
PRKCZ	PRKCZ	0.452473461134033	0.000357079633083868
HES5	HES5	0.352423757466222	7.07181501352256e-05
MEGF6	MEGF6	0.148470147398396	0.00195793034201743
GPR153	GPR153	0.113327009800984	0.00828214990932628
ACOT7	ACOT7	13.1504539398291	1.76547566659026e-05
CAMTA1	CAMTA1	2.33953188406939	2.32118958063117e-07
ENO1	ENO1	7.61882659603208	0.0287482812538833
KIF1B	KIF1B	1.05488001315335	1.64202700083719e-12
PGD	PGD	1.53765395834811	0.00402458823568489
CASZ1	CASZ1	0.186365780810885	0.0117652330167981
FBXO44	FBXO44	0.123256975315629	0.000185323251780069
CLCN6	CLCN6	0.137081962647193	1.22762617475083e-05
MIIP	MIIP	0.171612854450594	0.000260558804136119
SPEN	SPEN	0.131610435727856	0.0137878620644864
EPHA2	EPHA2	0.174318351592198	0.000124316575533474
ATP13A2	ATP13A2	0.855823702409586	0.00296729920108373
RCC2	RCC2	0.409624017062862	0.000827937709415023
CAPZB	CAPZB	8.73326818225467	0.000234432523799966
MINOS1	MINOS1	5.14899150298665	0.0915735201920201
CAMK2N1	CAMK2N1	0.593643064515167	0.0203690411150573
PINK1	PINK1	2.3473962141268	0.0148920550880117
EIF4G3	EIF4G3	0.182592723787803	0.0113826039752272
KDM1A	KDM1A	0.162680598385747	0.0330626997655071
MACO1	MACO1	0.119063315370886	0.028219074800035
STMN1	STMN1	194.598853853557	3.99441387651422e-26
SH3BGRL3	SH3BGRL3	16.8380080739243	0.0102948797160002
TRNP1	TRNP1	0.66352556551069	5.17403106860952e-07
AHDC1	AHDC1	0.127390688380492	0.00196309212940893
DNAJC8	DNAJC8	0.441495992930593	0.0630811863200115
ATP5IF1	ATP5IF1	24.8062542091341	0.0504396239829308
EPB41	EPB41	0.120642393809054	0.0218516677063166
SDC3	SDC3	1.02565718088077	6.665596789368e-08
MARCKSL1	MARCKSL1	24.7630908810163	7.87466331647198e-06
GRIK3	GRIK3	0.422614736068174	4.42200962834941e-13
AL031430.1	AL031430.1	0.100318599724138	7.21784020095884e-05
C1orf122	C1orf122	6.83543097365628	0.0138617937415289
HEYL	HEYL	0.238729994607708	4.33602358271956e-08
BMP8B	BMP8B	0.11281904436115	0.000129604766030564
MFSD2A	MFSD2A	0.621006113311047	5.97657006061352e-06
CAP1	CAP1	3.62321050804354	0.00192783358475339
COL9A2	COL9A2	0.286318967646372	2.66563603872578e-09
RIMS3	RIMS3	0.586101132727005	5.43424958222728e-07
PPCS	PPCS	0.23232146926609	0.0150030826669553
PTPRF	PTPRF	0.575692782044513	0.000148112324081935
ATP6V0B	ATP6V0B	46.7832748294406	4.95177698428599e-06
PRDX1	PRDX1	19.4612832569985	0.0630808245140288
NASP	NASP	1.1027040525946	0.00870023068657761
UQCRH	UQCRH	11.8878849469136	0.051909141492458
ELAVL4	ELAVL4	23.2935892824097	3.61784849866364e-13
DOCK7	DOCK7	0.35193457807611	0.0824682109479744
FOXD3-AS1	FOXD3-AS1	0.458078669392338	2.01548789712061e-12
FOXD3	FOXD3	0.667333223633599	2.20234534297271e-16
PGM1	PGM1	0.223343795826915	0.0693015446986547
JAK1	JAK1	1.08187305659827	0.00812536622204853
PDE4B	PDE4B	0.12216852259833	6.37310273050759e-05
SGIP1	SGIP1	0.860377431100232	0.000216383693274076
MIER1	MIER1	0.418378601198845	0.011668666311517
NEGR1	NEGR1	0.405262924255925	0.0932916271451164
TTLL7	TTLL7	0.242651108806028	0.000485483115093293
LRRC8B	LRRC8B	0.215925076715505	0.00270005452386502
ZNF326	ZNF326	0.473030332494897	0.00653102637653076
TMED5	TMED5	0.266781818377022	5.1671456698915e-05
FNBP1L	FNBP1L	0.315550202871192	0.0514258676947745
BCAR3	BCAR3	0.136378027728854	0.000139218554091771
ARHGAP29	ARHGAP29	0.195685178937552	0.000680953165004112
SLC44A3	SLC44A3	0.198257180941905	0.00012269559137306
CNN3	CNN3	1.81417809228249	8.73448047340549e-09
SNX7	SNX7	7.91296247046748	0.00524195298260438
PLPPR5	PLPPR5	1.61448904077933	6.10275120798035e-05
PRPF38B	PRPF38B	0.561570228633441	0.0449635590163349
GPSM2	GPSM2	0.131544953326945	0.000545396881164573
WDR47	WDR47	0.23072040922432	0.00387182025313578
CELSR2	CELSR2	0.159078585688481	6.92037253871538e-07
PSMA5	PSMA5	0.593387017742987	0.0766527553798893
GSTM3	GSTM3	1.47307959612241	0.0176986585242325
LAMTOR5	LAMTOR5	13.5178140053019	0.00202127335181603
RAP1A	RAP1A	0.224808126511147	0.0642109861846564
RHOC	RHOC	10.1214928930139	2.07132631372494e-08
RSBN1	RSBN1	0.121408070121909	0.0147372423506795
TRIM33	TRIM33	0.13943536773495	0.00140289589651403
ATP1A1	ATP1A1	0.850071153745586	4.27258158682072e-05
RNF115	RNF115	0.122649236580972	0.0421533691860657
LIX1L	LIX1L	0.100192670649964	0.0334217423491835
CDC42SE1	CDC42SE1	0.11948597485986	0.0297112443663017
MLLT11	MLLT11	52.9312296595873	3.41769168027505e-16
VPS72	VPS72	2.16761452859028	0.0604960453500384
CELF3	CELF3	1.43533800972177	2.37454760952464e-06
S100A6	S100A6	106.605578394514	9.45526760412614e-26
S100A4	S100A4	0.317242317043654	7.45367323746479e-06
S100A16	S100A16	0.895934048043593	0.00297974785666707
SNAPIN	SNAPIN	0.290960818085031	0.00123041553959054
ILF2	ILF2	4.74920790543528	0.00688851821169007
TPM3	TPM3	4.91786875678452	0.0705697510246208
C1orf43	C1orf43	4.71087073998222	0.0475082474848421
SHC1	SHC1	0.572892794790167	0.0010771043104201
KRTCAP2	KRTCAP2	1.79564444107206	0.0800146083049989
FDPS	FDPS	25.8339888182664	0.00921462181971316
SYT11	SYT11	1.11996516774633	4.82852145915744e-16
LAMTOR2	LAMTOR2	0.633733399856725	0.0330025149340507
MEX3A	MEX3A	0.251633909792611	0.000564362807818149
PAQR6	PAQR6	1.08378376176977	1.37147952091629e-19
CCT3	CCT3	6.58427854862445	5.43228924036844e-06
BCAN	BCAN	7.94346918835077	5.17872266686016e-26
NES	NES	0.959926976474817	1.7536779324366e-11
CADM3	CADM3	0.334380112427241	0.00284094825409616
DUSP23	DUSP23	1.4180815818866	0.0266925913873531
ATP1A2	ATP1A2	0.197514690836299	1.01618861116642e-08
NCSTN	NCSTN	0.112369847487473	0.0506739914634007
PFDN2	PFDN2	15.5155339051209	0.000512321234739993
UFC1	UFC1	1.87369952406379	1.90941915840687e-05
MPZ	MPZ	6.65043277679144	7.59794181003394e-44
OLFML2B	OLFML2B	0.317530283820129	0.000463778320433731
UHMK1	UHMK1	0.191357983922628	0.0642861319824311
TMCO1	TMCO1	1.34410110037537	0.0344645034786313
FAM78B	FAM78B	0.118418637428927	4.24701622153929e-05
MPC2	MPC2	0.316139945510626	0.000144685025925346
ATP1B1	ATP1B1	25.5074435941122	7.88525717261596e-11
XPR1	XPR1	1.58283724498637	0.0101503702952787
RGS16	RGS16	0.562934965239609	0.000365179516373958
ARPC5	ARPC5	8.66404232937691	0.000566486110744178
FAM129A	FAM129A	0.156203768580654	4.37025967096616e-06
IVNS1ABP	IVNS1ABP	0.242408888796906	0.091117210016773
TMEM9	TMEM9	0.324031710302448	0.00106998978778262
NAV1	NAV1	0.300316326000964	0.0214857070223407
SHISA4	SHISA4	0.180584258246731	0.0221380497789654
TIMM17A	TIMM17A	0.197588379917801	0.0293709333415132
ARL8A	ARL8A	5.2453416317539	5.35667310746558e-07
RABIF	RABIF	0.111614180656482	0.0552447056040851
TMEM183A	TMEM183A	0.333269897393122	0.00055465160836688
NFASC	NFASC	0.133157631318653	0.0201075998799671
DSTYK	DSTYK	0.113774130203045	0.0427185643212118
KLHDC8A	KLHDC8A	0.122377073169955	0.00025230549504158
KCNK2	KCNK2	0.234176808338109	2.03053390953122e-07
TGFB2	TGFB2	0.239365929930888	1.52382536529371e-08
SRP9	SRP9	8.26666492602009	0.0164567429436903
PARP1	PARP1	0.267318596747345	0.012593231744764
ARF1	ARF1	0.525199780236967	0.0328132570582175
GUK1	GUK1	19.2492117107477	0.0775038839565252
C1orf198	C1orf198	0.153213089537751	0.000146432441720373
GNG4	GNG4	0.50842101662454	0.000580798112420539
CHRM3	CHRM3	0.389294519602567	0.000484773451335068
CEP170	CEP170	0.316954308208215	0.0127533976500109
SDCCAG8	SDCCAG8	0.109090780978272	0.0957094582357564
AKT3	AKT3	0.863986693123497	0.0370452164663075
SCCPDH	SCCPDH	5.68576269517446	1.10650153354802e-16
ACP1	ACP1	1.3989780129728	0.00100543429224954
EIPR1	EIPR1	28.1510661140147	0.00089527244811492
RPS7	RPS7	19.2923295893766	0.0198785309226376
SOX11	SOX11	0.335657559064671	0.000135672577331583
ID2	ID2	0.501241266853286	0.0798095782263126
KIDINS220	KIDINS220	2.20323069358135	0.00073795771524608
MBOAT2	MBOAT2	0.300302529113483	1.25487485362606e-05
ASAP2	ASAP2	0.244460937032248	3.01307328096751e-07
IAH1	IAH1	1.33076607461152	0.0320658056774644
YWHAQ	YWHAQ	27.6589363975999	0.0348671417700147
TRIB2	TRIB2	0.938785055499591	2.95010391232308e-05
DDX1	DDX1	0.326950397590264	0.0929311670314365
MYCN	MYCN	0.201357557571017	0.000175705763556471
FAM49A	FAM49A	0.190515225003312	0.00884270454753361
FKBP1B	FKBP1B	10.1775895977411	0.0044308347693685
KIF3C	KIF3C	0.141219891821924	0.00115102443696866
DPYSL5	DPYSL5	0.270489202626675	4.04740344375905e-06
MAPRE3	MAPRE3	1.10800810076875	0.0242059757234988
DPY30	DPY30	1.75631820940641	0.043157018421304
TMEM178A	TMEM178A	0.220285859481999	3.83437947302957e-07
SLC8A1	SLC8A1	1.30054677293338	0.000100425738945651
RHOQ	RHOQ	0.327729711831351	0.000820791546192786
CRIPT	CRIPT	0.129198832447046	0.0913376880622152
CALM2	CALM2	66.3149116256077	1.61171337008485e-08
FBXO11	FBXO11	0.106877798345536	0.0590643865802086
FOXN2	FOXN2	0.132640506666787	1.5558212565379e-05
NRXN1	NRXN1	8.1781277810555	3.42889630686961e-36
SPTBN1	SPTBN1	0.822401643521368	3.80008528928265e-11
RTN4	RTN4	18.4765274401311	0.00212008077273868
RPS27A	RPS27A	22.6030989433765	0.0328432583603031
CFAP36	CFAP36	3.99973050229882	0.0722918937974439
MDH1	MDH1	9.99591880595911	0.000572412440793094
CEP68	CEP68	0.383724961115236	0.0247316378891358
CNRIP1	CNRIP1	2.06137233122716	0.0836652610608863
PCBP1	PCBP1	3.14893393030606	0.0784042136694798
ADD2	ADD2	0.175378679985227	7.44165313992855e-05
DCTN1	DCTN1	1.04264312637696	7.79399789884713e-05
WDR54	WDR54	0.262961178728009	0.0207982819468328
RTKN	RTKN	0.171735701694438	0.00442556688490544
TLX2	TLX2	15.1860558975454	7.77529396501226e-07
HTRA2	HTRA2	0.144775208438841	0.0119184287372983
POLE4	POLE4	0.205800698972863	0.0114682680257265
LRRTM1	LRRTM1	0.17718986256706	1.18792303282509e-05
SUCLG1	SUCLG1	2.51446283305395	0.0213769582466453
RNF181	RNF181	4.73142763359248	0.0475277500823235
IMMT	IMMT	0.169543839305585	0.0888313916676853
LONRF2	LONRF2	0.183975617979869	2.88708833763852e-05
MAP4K4	MAP4K4	1.01544313034815	6.08603604904351e-13
POU3F3	POU3F3	0.146029649115274	0.000722898516261773
SULT1C4	SULT1C4	0.59994134474088	2.67445053231091e-06
TTL	TTL	0.537364485691968	1.62715657217237e-06
DBI	DBI	7.20074109838197	3.36071230380422e-15
CLASP1	CLASP1	0.25257018954938	4.61302878293977e-05
MZT2B	MZT2B	13.1952515932137	0.00354811088294701
FAM168B	FAM168B	0.396125016716213	0.0679552660233302
LYPD1	LYPD1	0.150279893539185	2.24722662711408e-06
UBXN4	UBXN4	0.106525188196904	0.0792168129546914
DARS	DARS	0.365339792883088	0.0236583885275379
KIF5C	KIF5C	4.78232128757643	3.60751237043796e-19
RND3	RND3	0.841204265239613	5.04019984543234e-08
TNFAIP6	TNFAIP6	0.397748901650884	0.0098706080921475
RIF1	RIF1	0.175113468202603	0.00875488865076956
NR4A2	NR4A2	1.46042775842362	2.57542009461811e-07
SCN3A	SCN3A	0.280147372876549	0.0013337464482316
SCN2A	SCN2A	0.296052798388959	0.000261966724234772
CSRNP3	CSRNP3	2.29790186014882	0.038038353765239
SCN9A	SCN9A	0.747785243016465	3.76671406800406e-18
SCN7A	SCN7A	0.132224251551709	5.07305623846246e-05
METAP1D	METAP1D	0.105771293504972	0.0039794296160052
DLX1	DLX1	0.214863067187461	4.06678286061736e-08
DLX2	DLX2	0.438003939734129	3.88335470895809e-15
ITGA6	ITGA6	0.409933340546359	0.00212396480416221
OLA1	OLA1	1.32772754093583	0.000535664278179782
CHN1	CHN1	0.15653435509673	0.000527146906215894
LNPK	LNPK	0.35100175255338	0.0536021340109432
LINC01116	LINC01116	0.522112570370563	0.0446532966550148
NFE2L2	NFE2L2	0.608556509755588	1.84839505980004e-08
ZC3H15	ZC3H15	2.90887480225174	0.0131165115268408
CALCRL	CALCRL	0.100973789469717	0.022765418787625
ASNSD1	ASNSD1	0.396989366449298	0.0659880413508876
GLS	GLS	0.126871325983313	0.01497416996164
SLC39A10	SLC39A10	0.149707806783304	0.0449295450361135
ANKRD44	ANKRD44	0.140170599057101	0.000855082741904558
HSPD1	HSPD1	5.49578404474476	0.024433819285762
RFTN2	RFTN2	0.112086592143316	2.28768733771546e-05
ABI2	ABI2	0.241429625113816	0.00449900985935446
NRP2	NRP2	1.42836754192077	0.000640347181760119
ADAM23	ADAM23	0.190311453315897	1.06354846166503e-05
KLF7	KLF7	0.204429959707962	0.0805248980371888
IDH1	IDH1	0.746636827046944	0.0388280957860591
MAP2	MAP2	1.17375518120455	1.01059232568959e-05
RPL37A	RPL37A	21.4609785945162	0.0830200706130555
IGFBP2	IGFBP2	7.10878649454151	3.29918766707506e-31
CNPPD1	CNPPD1	0.302633312373323	0.0605533522457289
ZFAND2B	ZFAND2B	0.109284610421329	0.00327565513021267
DNAJB2	DNAJB2	0.24247829497028	6.40461620306079e-05
SCG2	SCG2	1.14823296328981	6.244313478114e-07
SERPINE2	SERPINE2	2.48033484029952	0.0185663770700635
DNER	DNER	12.5051970277176	6.64600604179037e-07
TRIP12	TRIP12	0.143802050139375	0.00279665548971191
COPS8	COPS8	5.90406569976818	0.0480004481143841
RAMP1	RAMP1	1.70026663963207	3.1555317776889e-07
UBE2F	UBE2F	0.148233516699666	0.0973430623771649
HES6	HES6	0.237225145118808	5.49032113723056e-06
NDUFA10	NDUFA10	1.1602172914817	0.0212440567236792
COPS9	COPS9	2.29998551750727	0.0639001721280091
GPC1	GPC1	0.522794773059087	3.2188040747762e-07
KIF1A	KIF1A	2.39360332886591	2.46368572254824e-11
ATG4B	ATG4B	0.235049896380118	0.00777820794151398
CHL1	CHL1	4.26184708943471	4.09921496431933e-23
BHLHE40	BHLHE40	0.4417757032573	2.66437130006009e-07
SRGAP3	SRGAP3	0.204311482730345	4.17690015814009e-06
THUMPD3-AS1	THUMPD3-AS1	0.652258054982029	2.23878150126525e-08
CAMK1	CAMK1	0.645911063978493	0.0023964723218474
JAGN1	JAGN1	0.243072562596933	0.00327353652770905
SYN2	SYN2	0.353356136331597	1.75657210819035e-05
FBLN2	FBLN2	2.58958589256778	1.97833212884872e-33
LSM3	LSM3	0.160495518715162	0.00113572871241056
RPL15	RPL15	23.6055911769812	0.00629750359107896
RARB	RARB	0.195809760327118	0.00012222348832613
TGFBR2	TGFBR2	0.154618289356337	0.00158019628949612
CMTM7	CMTM7	0.146455056799475	0.0517656367215611
FBXL2	FBXL2	1.45060833382066	0.00684019507461581
CLASP2	CLASP2	1.54100409149354	7.99731704158753e-11
EPM2AIP1	EPM2AIP1	0.109927473905255	0.0295853866120038
GOLGA4	GOLGA4	0.184129388431113	0.00501526766660416
SLC25A38	SLC25A38	0.123508739684169	0.056346477010711
EIF1B	EIF1B	12.5878582066325	0.0087276589853329
SS18L2	SS18L2	0.12763353273631	0.0602980614668738
HIGD1A	HIGD1A	2.97110350334622	0.00149275598197394
POMGNT2	POMGNT2	0.125434485239223	0.0582579528495295
ABHD5	ABHD5	2.83066157665986	0.00729330048878993
CSPG5	CSPG5	0.148825526223968	6.02998812449185e-05
DHX30	DHX30	0.143569981641121	0.0152185445631138
MAP4	MAP4	4.10434635475323	0.00373196551905307
PLXNB1	PLXNB1	0.137284943420605	0.000892712166268353
P4HTM	P4HTM	1.31605048903878	0.046905365299241
WDR6	WDR6	0.166500849388997	0.0200010617865056
NDUFAF3	NDUFAF3	3.68536010675463	0.00468419945112265
KLHDC8B	KLHDC8B	4.10319802708724	0.00263927935951276
RBM5	RBM5	0.207154488953161	0.0148259317115459
SEMA3B	SEMA3B	1.93057314366525	2.40253359860091e-28
PCBP4	PCBP4	3.12281154910703	2.9250150102319e-13
RPL29	RPL29	31.6055912894978	0.0932562608184413
NISCH	NISCH	0.16790073099791	0.065461703054717
NT5DC2	NT5DC2	2.21663775291554	3.46557393466305e-08
C3orf14	C3orf14	1.02810069719987	0.0041453497576666
CADPS	CADPS	0.301566789450711	0.00481077032760336
SYNPR	SYNPR	0.505206445973819	7.26555904132481e-06
MAGI1	MAGI1	0.210118517342471	6.71954401670225e-06
ARL6IP5	ARL6IP5	7.75539300813612	0.0124285124408631
GPR27	GPR27	0.16251931321984	1.0501773315626e-05
PDZRN3	PDZRN3	0.118283549621756	0.0946491364203557
CADM2	CADM2	0.428592703680557	9.207549638091e-08
VGLL3	VGLL3	0.199546225489888	2.13783179111654e-06
ST3GAL6	ST3GAL6	0.300832445033479	1.21370233123615e-10
DCBLD2	DCBLD2	0.114718311234769	0.00478632732586136
ALCAM	ALCAM	9.10271732982049	3.51423165377152e-05
BBX	BBX	0.27291912989914	0.000259932134124283
CD47	CD47	1.43771970191748	3.88045201131637e-05
TAGLN3	TAGLN3	36.1805947342791	8.62610053011817e-10
CD200	CD200	0.85017587066296	1.52068149432563e-08
GAP43	GAP43	102.158442174445	1.99868976821403e-16
LSAMP	LSAMP	0.639664093598969	7.43072224932234e-08
COX17	COX17	5.33569446268343	0.0436093819235526
FAM162A	FAM162A	0.294323212662405	0.0146390788298885
KALRN	KALRN	0.140487388670057	0.00024897320388976
SNX4	SNX4	0.147732217517334	0.0121432207885014
PODXL2	PODXL2	5.28974273063443	1.5140391044594e-11
H1FX	H1FX	13.9745819219313	0.00122884482242013
TMEM108	TMEM108	0.988424980302291	0.000193970330476982
CDV3	CDV3	0.149995090072164	0.0730386711382034
TF	TF	0.246901306710786	2.45340517497584e-06
RAB6B	RAB6B	1.48947488704678	0.00356163175784921
ARMC8	ARMC8	0.136381147265786	0.0517778793683672
ZBTB38	ZBTB38	0.101091698337622	0.0279527151822401
ATP1B3	ATP1B3	0.810377569011173	6.30927407588022e-05
TFDP2	TFDP2	0.13685556406658	0.00237713107348038
GK5	GK5	0.111444404437637	0.000669379702694517
PLSCR1	PLSCR1	0.280196395839229	1.87403560242518e-09
COMMD2	COMMD2	6.68067707516358	0.0882212706647817
SELENOT	SELENOT	0.181524040135314	0.0244322011606483
ARHGEF26	ARHGEF26	0.310697629362613	3.85550762706244e-07
DHX36	DHX36	0.205870275830402	8.30546106678817e-05
MFSD1	MFSD1	0.230915551867275	0.0593647912654941
BCHE	BCHE	0.448743583710894	7.15302028849268e-11
GPR160	GPR160	0.103397031440567	0.00134768713312301
RPL22L1	RPL22L1	2.43984201625316	0.00270714981367951
FXR1	FXR1	1.27746861783368	0.000795880782450937
SOX2	SOX2	2.28431020588627	3.63456259278981e-25
KLHL24	KLHL24	0.386360374794965	6.2182299936941e-05
ABCC5	ABCC5	0.160383972706116	0.0125130158198147
CAMK2N2	CAMK2N2	0.322925134817818	4.28018180909803e-05
FAM131A	FAM131A	0.19284164617493	0.0238768614703463
ETV5	ETV5	0.102615407537632	0.000256312969715853
IL1RAP	IL1RAP	0.187208729703367	0.00123074993644654
ATP13A3	ATP13A3	0.130344952632287	0.0926940297647159
TCTEX1D2	TCTEX1D2	0.822587650289935	0.0280264779859945
PAK2	PAK2	0.641940301738423	0.0132306714675456
FYTTD1	FYTTD1	0.835865561943091	0.0468720350652208
LRCH3	LRCH3	0.11130262168603	0.013832231607306
ATP5ME	ATP5ME	10.0517279154444	0.0227722291150699
C4orf48	C4orf48	39.8814733450854	2.32800640567677e-10
MFSD10	MFSD10	0.361557540019154	0.0535735525418293
NSG1	NSG1	24.1318243968908	6.14203376063671e-06
CRMP1	CRMP1	17.9453954667235	6.37306550977486e-06
QDPR	QDPR	2.32696169367792	0.0103624877001206
KCNIP4	KCNIP4	0.185703437278226	0.000135162346155785
PCDH7	PCDH7	1.07166463276434	2.23602018480313e-11
SMIM14	SMIM14	0.208215984078147	0.0199719155677889
UCHL1	UCHL1	182.108719194504	1.97207282137037e-17
PHOX2B	PHOX2B	14.1730724036366	6.51726664451605e-19
LINC00682	LINC00682	11.1833571101352	5.32639246943945e-13
ATP8A1	ATP8A1	0.542968310398866	3.08115896187068e-06
GABRA2	GABRA2	0.209718428013576	6.58699371757216e-07
OCIAD2	OCIAD2	3.1783483714875	7.54694211075475e-06
RUFY3	RUFY3	5.03673487789433	0.029702176077648
ANKRD17	ANKRD17	0.180592045568271	0.0168397079759681
MTHFD2L	MTHFD2L	0.122876464664015	0.0010280609913331
PARM1	PARM1	6.00798153530258	4.79290373518943e-05
SCARB2	SCARB2	0.339810567570737	5.04759536270573e-08
CCNI	CCNI	12.2060415389382	0.0712587765740937
PRDM8	PRDM8	0.163909139444033	7.61806028115211e-06
HNRNPDL	HNRNPDL	1.57576172676456	0.000321620279499977
MAPK10	MAPK10	6.9711279505827	4.44897954096663e-07
SPP1	SPP1	437.169396093967	7.77676084881549e-06
NAP1L5	NAP1L5	0.396453501134629	0.0134094465958906
SNCA	SNCA	10.1739857919722	1.31879687437143e-11
PDLIM5	PDLIM5	2.40780745397563	0.000909930223773188
EIF4E	EIF4E	0.136185545527282	0.0199576961533107
H2AFZ	H2AFZ	7.55799344482367	8.04034964031386e-06
COL25A1	COL25A1	0.14237311164002	1.4856848256447e-07
ANK2	ANK2	5.73953317896679	6.62938563628221e-12
SNHG8	SNHG8	0.433708816542435	0.0623827169117673
SPRY1	SPRY1	0.929789126059793	0.0663192445877728
PCDH10	PCDH10	0.465181417541267	0.000873699029480415
CLGN	CLGN	0.122136842244244	2.23261190709842e-05
OTUD4	OTUD4	0.105817564852607	0.0042290321596456
FBXW7	FBXW7	0.128008034489957	0.00163434326670763
FHDC1	FHDC1	0.103325527030786	1.74858525749795e-05
TRIM2	TRIM2	1.48488922369076	0.00122265190945227
CPE	CPE	0.407429349132208	1.51858023875431e-14
SPOCK3	SPOCK3	44.1270257182619	0.0010344482665766
CLCN3	CLCN3	0.222273698120429	0.00546973096189436
SAP30	SAP30	0.271020822090661	5.8723721823454e-05
SCRG1	SCRG1	0.994399384396425	5.95041961299379e-11
HAND2	HAND2	1.77836994423374	1.26186349672122e-23
HAND2-AS1	HAND2-AS1	6.18722491344262	3.61466840677709e-33
HPGD	HPGD	0.123493972698095	0.00480601685940293
TENM3	TENM3	0.250551450570649	2.50953737788853e-11
STOX2	STOX2	0.355848374028251	0.0485630207339444
SLC25A4	SLC25A4	12.7843507583399	9.17282648573806e-12
SORBS2	SORBS2	0.457566749670538	4.61023889626951e-13
PDCD6	PDCD6	1.68731953415938	0.00541014961858455
MARCH6	MARCH6	1.0760192704106	0.00738269703098352
ZNF622	ZNF622	0.237828134308641	0.0576068487423137
RETREG1	RETREG1	0.822275922129703	2.36092549597378e-13
BASP1	BASP1	42.4317653706759	1.59848446321096e-05
CDH6	CDH6	0.509535499819633	5.1657065510956e-10
C1QTNF3	C1QTNF3	2.11123679411824	0.0735741159847408
EGFLAM	EGFLAM	0.186256276219229	0.000122072663326052
HMGCS1	HMGCS1	6.34608404219408	6.2838550688904e-06
NNT-AS1	NNT-AS1	0.121991269615345	0.041236362377603
MRPS30	MRPS30	0.103063697872332	0.0545727273697488
ITGA1	ITGA1	0.24548503069403	0.000395963319503731
NDUFS4	NDUFS4	6.83152204464981	4.26269392657898e-05
GPBP1	GPBP1	0.192884658145853	0.014090763171212
RAB3C	RAB3C	0.139944703479102	0.000287566727583741
ZSWIM6	ZSWIM6	0.314937833024654	0.0012931850112574
RNF180	RNF180	0.10823853648064	0.000484104978310509
SREK1	SREK1	1.63104805856286	0.0100238564276918
TAF9	TAF9	0.281532865712228	0.0333775670108924
MAP1B	MAP1B	139.377976878778	4.87890965055589e-26
TNPO1	TNPO1	0.223828586910325	0.0142708750945755
COL4A3BP	COL4A3BP	0.413446705414897	0.0697908988523551
LHFPL2	LHFPL2	0.198960060222271	0.00538787421779333
JMY	JMY	0.104581882367067	0.00361945530204056
COX7C	COX7C	31.3164128584464	0.000399547653409217
LINC00461	LINC00461	0.154326433182427	5.49993832100838e-07
RGMB	RGMB	3.20236535309778	3.88895681228795e-08
C5orf30	C5orf30	0.143375772144398	0.000339564881111904
PJA2	PJA2	0.529250758167019	0.0143648192816824
APC	APC	0.552350838181274	0.0192891354812187
CCDC112	CCDC112	2.51954035040265	3.80298040487049e-07
MARCH3	MARCH3	0.110105268215556	0.00325561221082854
MEGF10	MEGF10	0.136533697872185	4.15421059566522e-06
HINT1	HINT1	47.5285131731723	2.14290681713730e-11
PDLIM4	PDLIM4	0.60020218359832	5.89888064962418e-06
KIF3A	KIF3A	10.0609522327391	0.0893822529234954
UQCRQ	UQCRQ	12.8349787005406	0.0585811455149572
VDAC1	VDAC1	3.41212447426176	0.0573584105003578
SKP1	SKP1	22.6046191512176	0.000425773424354723
PPP2CA	PPP2CA	2.67505210765345	0.0623684103613517
H2AFY	H2AFY	2.10308853097034	0.0416143640571085
GFRA3	GFRA3	4.21284753536361	3.06237028194976e-06
FAM53C	FAM53C	1.27640411812642	0.00458825003698988
REEP2	REEP2	2.30168556632124	0.00162090337213643
HSPA9	HSPA9	0.208677127200652	0.0841797740070196
PAIP2	PAIP2	2.95056901580628	0.00256534389347147
CXXC5	CXXC5	2.62194169628901	8.40092209039758e-23
HBEGF	HBEGF	0.16625266216664	0.0112622812859966
NDFIP1	NDFIP1	32.24426421685	1.82314153837383e-05
ARHGAP26	ARHGAP26	0.905652617819212	5.36681372273623e-11
LARS	LARS	0.149696303587406	0.0547313454660601
PPP2R2B	PPP2R2B	0.322925134817818	8.89859587097792e-05
DPYSL3	DPYSL3	13.2323904707255	8.43821383419026e-20
CSNK1A1	CSNK1A1	0.360283674164695	0.000301497281114001
ANXA6	ANXA6	9.75042100327272	0.00131063666289289
ATOX1	ATOX1	11.5000887524005	0.00953528566250693
LARP1	LARP1	0.165646976658187	0.00481024479996229
CYFIP2	CYFIP2	0.144695934461416	2.51835699500836e-05
CREBRF	CREBRF	0.156363534967335	4.41595981603833e-06
CPEB4	CPEB4	0.228421918140837	0.000936631381067194
NSG2	NSG2	19.1832595050932	6.50609173365363e-05
HIGD2A	HIGD2A	2.91588305167777	0.000105895963540324
CLTB	CLTB	5.59457833493606	0.096068809442939
PRR7	PRR7	0.314081586889837	1.55280873213697e-05
HNRNPH1	HNRNPH1	1.56112180482779	0.000109163333386515
CANX	CANX	1.24920681825447	0.0590606361216443
MGAT4B	MGAT4B	8.89293697228971	0.000164258449162452
RNF130	RNF130	0.407113935235674	6.17708022068843e-05
RASGEF1C	RASGEF1C	0.133729981913101	9.70790416352869e-06
RACK1	RACK1	22.604328023646	0.0633831190085395
DUSP22	DUSP22	0.100382032192051	0.00456807874825314
TUBB2A	TUBB2A	162.670252357171	1.8973723462977e-21
TUBB2B	TUBB2B	170.082423667522	2.65332846262225e-42
LYRM4	LYRM4	0.244259597899503	0.016105138766952
TFAP2A	TFAP2A	0.590376671295078	3.1956112350157e-11
TMEM14C	TMEM14C	0.230599577577625	0.0416357899516707
TMEM14B	TMEM14B	3.48563784126661	0.0198948322410671
ELOVL2	ELOVL2	0.18794414318607	1.02677634588733e-06
NEDD9	NEDD9	0.425392245344866	1.77331997506764e-10
RANBP9	RANBP9	0.161488058732824	0.00131839416584934
MCUR1	MCUR1	0.618175918843302	0.0260008426002834
CAP2	CAP2	0.237822228485525	0.00683787605341209
NUP153	NUP153	0.109541910390677	0.00663213393295894
SOX4	SOX4	14.3881337745379	0.000903586288675443
CASC15	CASC15	0.275351596094996	6.47754788611703e-06
NRSN1	NRSN1	0.265335521171322	6.50568724643523e-05
SCGN	SCGN	68.1510661063508	1.34062403673691e-05
ZSCAN16-AS1	ZSCAN16-AS1	0.152832608984067	0.0022507239672105
HCG18	HCG18	0.149051436026566	0.0171771980498782
ATAT1	ATAT1	0.377708555786392	0.00900220257376175
TUBB	TUBB	177.605545001456	7.23292067961013e-07
FLOT1	FLOT1	7.88230968458159	0.0536183149541556
IER3	IER3	3.55692299865983	0.0648552855712321
DDR1	DDR1	0.871536872421342	3.16008523788462e-06
ATP6V1G2	ATP6V1G2	6.18496478649598	5.9079636688849e-05
NFKBIL1	NFKBIL1	0.111702324325557	0.071881714384771
CSNK2B	CSNK2B	5.4116818959797	0.0326950164128925
DDAH2	DDAH2	3.14907303763646	0.0959987004291483
CLIC1	CLIC1	12.5479570073484	0.00322766989304628
HSPA1A	HSPA1A	9.60662685560576	0.0359717080796655
NELFE	NELFE	0.312984393793483	0.0243981881072452
RNF5	RNF5	4.9935558614353	0.000211282740884433
CUTA	CUTA	5.77827034720485	0.0131193482349857
HMGA1	HMGA1	1.06524068242575	5.7374572596338e-05
NUDT3	NUDT3	0.287202227863064	0.00779922755405556
C6orf226	C6orf226	0.193848959857588	0.00868923159424529
MRPS18A	MRPS18A	0.109121954337111	0.0714867375120374
TMEM63B	TMEM63B	0.116427490017176	0.0923833063087818
HSP90AB1	HSP90AB1	44.598982641378	0.00157396968533798
TMEM151B	TMEM151B	0.121695833464113	0.000135113243912132
EFHC1	EFHC1	0.15451079001088	7.4882387613528e-05
TMEM14A	TMEM14A	7.06704670691054	0.000887595916848078
DST	DST	5.59598153585334	1.45232643211308e-42
PTP4A1	PTP4A1	0.465491024957949	0.0513180987467043
AL391807.1	AL391807.1	0.510990883184112	1.79315699652861e-09
ADGRB3	ADGRB3	0.539573618809703	1.08725680871794e-07
EEF1A1	EEF1A1	27.6055912895357	0.00359782836875317
COX7A2	COX7A2	23.4546212535025	4.54797914646228e-05
ELOVL4	ELOVL4	0.17853074735262	0.0180306328127533
SYNCRIP	SYNCRIP	0.123894984282521	0.026150932729759
CD24	CD24	91.0820328874729	7.16015207964417e-06
WASF1	WASF1	0.181793700656706	0.00165923975076259
FYN	FYN	1.50491423615959	5.85869166500113e-08
MARCKS	MARCKS	16.3319073662946	5.66873164704188e-36
HDAC2	HDAC2	3.30077302771376	0.00313210580799349
SLC35F1	SLC35F1	0.320811943713937	2.07076569792112e-13
FAM184A	FAM184A	0.130764748206807	3.26887961129887e-05
HSF2	HSF2	0.184992919475179	0.00130837523001814
TPD52L1	TPD52L1	0.589056958573543	1.78135342577408e-08
HDDC2	HDDC2	2.12975134490561	0.0183721720546172
NCOA7	NCOA7	7.15250849458076	1.03499625936421e-13
EPB41L2	EPB41L2	1.33226478687324	0.0273527836428169
MOXD1	MOXD1	3.0915684325092	2.34453373802984e-17
STX7	STX7	2.30149491400817	0.0763023802138204
RPS12	RPS12	51.6055912895217	0.00421203070202276
AHI1	AHI1	0.527123268826925	0.000897128872746216
ARFGEF3	ARFGEF3	0.531346726617284	1.18119599051816e-05
HEBP2	HEBP2	36.8035578074393	0.00326197935557087
ADGRG6	ADGRG6	0.505560574879404	3.72214502902932e-17
AIG1	AIG1	2.23047438581791	0.0358274243498587
RAB32	RAB32	0.734293204447838	7.50200434437865e-06
SASH1	SASH1	0.392102041778082	7.32084327066627e-08
PCMT1	PCMT1	7.58559876703784	0.0908970630491532
VIP	VIP	259.174918380443	4.41559396642163e-11
WTAP	WTAP	0.202234181368727	0.0759587895763083
AGPAT4	AGPAT4	0.121267377354412	0.0263353001134473
QKI	QKI	0.684388811934602	4.88211839246777e-05
PSMB1	PSMB1	9.3960799190004	0.0174455066455986
PDGFA	PDGFA	0.156127031379659	0.000172174113504513
ADAP1	ADAP1	0.156262041843718	0.0291857867973455
WIPI2	WIPI2	0.179150089415116	0.0112724377692351
ACTB	ACTB	26.605585143281	0.023446634037604
FSCN1	FSCN1	4.57461166885055	5.37373514386341e-08
CYTH3	CYTH3	0.210930216229905	0.000302212479062292
COL28A1	COL28A1	0.14856881345635	0.000103971938228928
ICA1	ICA1	0.336569684149015	5.41186505170983e-05
THSD7A	THSD7A	0.306942675314189	5.71212138049702e-06
BZW2	BZW2	0.476924409368559	2.69684894856678e-05
TSPAN13	TSPAN13	0.959668617995867	0.000669903019791591
AHR	AHR	2.25265841489974	0.000418891335569576
ITGB8	ITGB8	0.130217488799184	0.000226045691920203
TOMM7	TOMM7	18.6226374392227	3.23299454430057e-08
FAM126A	FAM126A	0.343627510286812	2.16855328042665e-10
FAM221A	FAM221A	0.119129511479709	9.25903950657952e-05
CYCS	CYCS	6.55341261484295	0.0265354670973422
SNX10	SNX10	6.23706467508725	0.000346664621311206
HOTAIRM1	HOTAIRM1	0.784426656440659	0.00185022585265842
HOXA4	HOXA4	0.324975715046684	7.261905523819e-05
HOXA5	HOXA5	2.52676081057193	0.0434319499031952
CREB5	CREB5	1.71092184520102	3.54630212904222e-19
SCRN1	SCRN1	0.179162811488023	0.0356567955927899
GARS	GARS	0.821777928479599	0.0104938960265772
AQP1	AQP1	0.263400990985617	3.42842256903368e-08
EPDR1	EPDR1	0.136456944817873	0.000184953356440696
STK17A	STK17A	0.459122699673242	3.95237303434087e-09
TMED4	TMED4	0.244177112381608	0.0201788613376693
SNHG15	SNHG15	0.245196046146221	0.0417521272005313
NACAD	NACAD	0.159029604584462	0.00213328190455611
CCT6A	CCT6A	2.8977817337695	0.0380446310088931
ASL	ASL	10.1053021989654	0.0015333399990272
AUTS2	AUTS2	0.155637748817224	0.000118970578816398
STX1A	STX1A	0.933284625191542	0.0164570796053713
GTF2I	GTF2I	4.74471820811648	7.10443839471021e-12
RHBDD2	RHBDD2	2.55380924263901	0.00883734474776206
HSPB1	HSPB1	4.73239668762483	0.0616634033412013
MAGI2	MAGI2	0.179692615142062	0.00147011418708226
SEMA3C	SEMA3C	0.476144880386306	2.35717719251231e-05
PCLO	PCLO	1.76864069158738	1.64432837874486e-05
SEMA3D	SEMA3D	0.209882646241063	0.00670122494962831
CDK6	CDK6	0.267864672542073	9.07382960355373e-05
PEG10	PEG10	2.22694752778126	0.00298366795639315
PPP1R9A	PPP1R9A	0.218972548041809	3.619254585638e-06
PON2	PON2	0.19722193663005	0.015612573166145
DLX5	DLX5	0.304277720053173	6.37851275593778e-05
ASNS	ASNS	0.244399897078763	0.0385197502374858
NPTX2	NPTX2	0.927583512053554	4.13739063434028e-14
ARPC1B	ARPC1B	4.12363482888273	1.6041207530026e-21
PDAP1	PDAP1	0.522828152015537	0.0893077279733318
ATP5MF	ATP5MF	16.1472751779257	0.0475164994362574
GJC3	GJC3	0.330910085067173	1.65242605629519e-09
LAMTOR4	LAMTOR4	4.46661686511808	0.0385138999867983
GPC2	GPC2	0.124952969465714	0.000191710641399456
CASTOR3	CASTOR3	0.113576559936242	0.000297255028989632
TSC22D4	TSC22D4	0.26181967855034	0.000490923564389905
GNB2	GNB2	19.69346508585	0.0359361991022254
ACHE	ACHE	8.13511908369129	0.0311534055634123
FIS1	FIS1	9.0913210312235	9.10356208146924e-05
HBP1	HBP1	0.143889878247174	0.00235060771803021
DNAJB9	DNAJB9	0.145797654949696	0.000705781161961317
LRRN3	LRRN3	0.301395693263752	3.71812691078407e-07
IFRD1	IFRD1	9.55669522809043	4.99405015946613e-05
FAM3C	FAM3C	0.734179380240422	0.0784996106346704
PTPRZ1	PTPRZ1	1.33260855278795	3.12149073402476e-23
ATP6V1F	ATP6V1F	10.5233223169164	0.0445404977202333
AHCYL2	AHCYL2	0.244646860718539	5.81782154797212e-06
AKR1B1	AKR1B1	6.58010260063925	0.0233292897274384
KIAA1549	KIAA1549	0.126241747730962	0.0185109622818834
ADCK2	ADCK2	0.196790308556798	5.13448919288506e-05
NDUFB2	NDUFB2	15.7814040798102	0.000123333592143641
TMEM178B	TMEM178B	0.128792173912729	4.36559741017179e-06
CNTNAP2	CNTNAP2	1.48101412796888	0.000260731327668183
ATP6V0E2	ATP6V0E2	13.1721801413901	1.76364590064988e-15
LRRC61	LRRC61	1.43491673134535	0.0304614511821264
REPIN1	REPIN1	0.311330690579253	0.000438966640520239
KCNH2	KCNH2	0.105279961869676	0.0648906074513787
AGAP3	AGAP3	0.168748443711337	0.011557456999298
WDR86	WDR86	0.264249246415785	1.06268616481055e-08
RHEB	RHEB	7.94367002494594	0.00270452855463567
PRKAG2	PRKAG2	0.123939661124106	0.0146175855420459
GALNT11	GALNT11	1.33191826640244	0.05282406032213
LINC01003	LINC01003	0.154827396699463	0.000469415568101856
DPP6	DPP6	2.35784949492214	2.51485730785611e-08
INSIG1	INSIG1	0.445256002087671	0.0765948949334398
DNAJB6	DNAJB6	2.14661579428959	9.31205309535653e-05
NLGN4X	NLGN4X	0.545830852183649	2.60547307593411e-06
TMSB4X	TMSB4X	18.9127716784145	0.00737551886657752
GPM6B	GPM6B	3.43104519491037	5.01965622218716e-23
AP1S2	AP1S2	3.83407099400258	4.83422248177739e-26
SMS	SMS	4.0020222910698	0.0811563447365248
DMD	DMD	0.333743970861503	1.38468265618005e-10
TSPAN7	TSPAN7	2.80607929880463	3.86468488615937e-12
ATP6AP2	ATP6AP2	2.08813572690279	0.0209560808946605
RP2	RP2	0.138757759470463	0.00431795994590066
NDUFB11	NDUFB11	9.56576547912212	0.0587353367581258
UBA1	UBA1	0.360106248488231	0.0149336052500569
USP11	USP11	4.00592766812277	0.000537419349959192
UXT	UXT	0.254093821545273	0.0710586587648775
RBM3	RBM3	5.65502636485298	0.0334315209396317
PCSK1N	PCSK1N	144.099129671651	3.24185406442209e-25
PQBP1	PQBP1	0.271618273486464	0.0197027258293839
PRAF2	PRAF2	0.873158014960756	0.0504096269658837
WDR45	WDR45	0.487236788885828	0.0502487975260646
PLP2	PLP2	0.361086864336821	0.000606518554429564
SYP	SYP	0.615534087833532	3.38198944613354e-06
TSR2	TSR2	0.241381622571653	0.0511990582220833
MAGED2	MAGED2	1.60559128936856	0.00696549416535196
NBDY	NBDY	4.95249794603799	0.0369603173899277
NLGN3	NLGN3	0.146491263086334	0.000179673741030646
FTX	FTX	0.214390583442718	0.0016871900914082
COX7B	COX7B	14.2691304102661	0.0289873364405794
PGK1	PGK1	6.05244792349521	0.0894658183921379
ARMCX3	ARMCX3	2.08517499404157	0.00030714973537729
ZMAT1	ZMAT1	0.192151029627961	9.4718663358431e-07
TCEAL2	TCEAL2	1.38659694361712	4.8372473836321e-05
BEX5	BEX5	1.74055499874872	0.000711430254573826
BEX1	BEX1	39.1429882579984	1.24478726366359e-31
BEX4	BEX4	20.5420353459817	6.34532618547126e-10
TCEAL5	TCEAL5	0.797859603427227	0.0262372751950922
BEX2	BEX2	19.4608697407884	1.38313337203733e-19
TCEAL7	TCEAL7	3.81688984429037	0.00146022549519479
TCEAL3	TCEAL3	0.517534681742855	0.0611774692708891
PLP1	PLP1	9.71556910552634	1.28765273258192e-53
DCX	DCX	0.698824983551133	1.82423386601239e-06
KLHL13	KLHL13	0.468771889340461	0.0213970490082152
ZCCHC12	ZCCHC12	15.1693964540366	0.000600303886343329
PGRMC1	PGRMC1	11.8440783006391	0.0153755447424444
SLC25A5	SLC25A5	0.633707410413141	0.000203874325998922
SEPT6	SEPT6	0.439219634166307	0.00513181447096654
GPC3	GPC3	0.421174989869925	8.78466287676246e-07
MIR503HG	MIR503HG	0.348290864673913	0.0486427687876027
RTL8C	RTL8C	0.315311643641963	0.0262264923392141
HTATSF1	HTATSF1	0.744978807152835	0.0176268015423515
LINC00632	LINC00632	1.66763974857307	3.01787038863971e-16
LDOC1	LDOC1	6.05603810147178	0.0192352644292844
IDS	IDS	4.0289358712037	4.52955523552094e-08
SLC6A8	SLC6A8	0.13758261817609	0.0320227061632719
BCAP31	BCAP31	7.55336470611894	0.0791600644801494
L1CAM	L1CAM	6.26814264733738	4.9519308042977e-25
FAM50A	FAM50A	1.57644901971111	0.00148772435054078
PLXNA3	PLXNA3	0.10564358324872	0.0399373646345368
FUNDC2	FUNDC2	0.860071758881028	0.005994027517335
KBTBD11	KBTBD11	0.403790372008646	0.0052102512011697
MTMR9	MTMR9	0.164645722372776	0.0247540899700694
DLC1	DLC1	0.335974858261834	0.0309681761149443
MTUS1	MTUS1	2.24158163145984	0.00503610960888895
LPL	LPL	0.191959825169348	0.0012136499740585
GFRA2	GFRA2	1.59565046722436	4.98098199422665e-05
EGR3	EGR3	0.200774103995291	0.018519948505621
NEFM	NEFM	66.131286663039	0.000363474212159089
PPP2R2A	PPP2R2A	0.621956528859076	0.00326545738048545
DPYSL2	DPYSL2	8.94147527725179	0.000713614057746367
STMN4	STMN4	7.45199287463533	1.20558518514914e-08
PTK2B	PTK2B	0.224242983448066	0.000363204683194739
CLU	CLU	4.44546060153288	1.77681397723597e-28
KIF13B	KIF13B	0.237897485665191	2.82725454871387e-08
DUSP4	DUSP4	0.50795128056538	3.58615422245622e-08
SARAF	SARAF	21.607022040464	0.00809783140912796
DCTN6	DCTN6	0.164494759375682	0.026312109413805
PPP2CB	PPP2CB	0.402305579982671	0.00814484574255936
LSM1	LSM1	0.377071170909249	0.0901983366540014
BAG4	BAG4	0.775271575666658	0.0720639357734965
DDHD2	DDHD2	0.176290101406485	0.000524014407915612
NSD3	NSD3	1.45324175182641	0.00117711862721883
SFRP1	SFRP1	0.534719356434892	7.01850454335027e-10
UBE2V2	UBE2V2	6.42822982477944	0.0206729655360165
ATP6V1H	ATP6V1H	0.798022846625175	0.0540712611534453
XKR4	XKR4	0.262194252891155	1.09243692149928e-09
SDCBP	SDCBP	1.28339996145507	0.0269269142268056
TOX	TOX	0.183033974919202	0.00228018430931539
CHD7	CHD7	0.879119816699856	9.90117420004155e-25
NKAIN3	NKAIN3	0.745382283630564	1.62293122854087e-20
AC120042.3	AC120042.3	0.305459698934502	2.22613748336773e-10
GDAP1	GDAP1	2.29313247117989	0.00121187134358832
CRISPLD1	CRISPLD1	0.152030658724601	0.000583162218313596
ZFHX4	ZFHX4	0.308495870633252	1.14024370724174e-09
PKIA	PKIA	1.04080515138836	1.8695983957464e-06
STMN2	STMN2	159.139556877895	1.34167007324944e-14
HEY1	HEY1	0.656243273202186	8.34016554631882e-12
TPD52	TPD52	0.663190178709942	0.0530567126999602
RALYL	RALYL	0.729968408286668	4.41083755713816e-13
CPNE3	CPNE3	1.89927046387405	0.000751325398944966
DECR1	DECR1	0.454711295374314	0.0993295674950498
TMEM67	TMEM67	0.173836287958236	0.00111149280954425
PDP1	PDP1	0.237935703717813	9.9464653040597e-05
PTDSS1	PTDSS1	0.127170268226941	0.0559868666609195
POLR2K	POLR2K	1.29220041821515	0.0511447769784183
NCALD	NCALD	0.71890756135317	4.2285123362779e-10
BAALC	BAALC	5.22341229791354	1.84181044010612e-06
EIF3E	EIF3E	0.117164698306447	0.0404663549350327
EIF3H	EIF3H	12.5710731819524	0.00611833458334513
NOV	NOV	1.50373226186332	1.57039241442598e-06
TMEM65	TMEM65	0.186528101891385	0.00289086537390543
NDUFB9	NDUFB9	10.1515221588703	0.0608651086052024
SQLE	SQLE	6.04574802100435	0.0325824500284738
KHDRBS3	KHDRBS3	0.476273956548994	7.84059138803838e-07
PTK2	PTK2	0.361487713578979	3.60448096697799e-05
ADGRB1	ADGRB1	0.337755895349917	2.12574580081412e-07
ARC	ARC	2.92532075937486	1.09310429648202e-12
LY6E	LY6E	0.299200961997255	1.13399646954238e-09
LY6H	LY6H	26.6120243387501	6.16319933787993e-05
SCRIB	SCRIB	0.120757002785773	0.00211252419060303
PUF60	PUF60	3.82411304414058	1.57556275975156e-07
NRBP2	NRBP2	0.182545615252055	8.18551970493637e-06
GRINA	GRINA	0.546497632682319	0.0495866303045302
MAF1	MAF1	0.21105948999606	0.000435914436448795
SCX	SCX	0.144494530925641	0.0166956921781351
LRRC24	LRRC24	2.29907859177651	0.000170506471476192
LURAP1L	LURAP1L	0.164497311022119	7.37472402883197e-06
ZDHHC21	ZDHHC21	0.115924333792261	0.0807403479521214
BNC2	BNC2	0.245473716924217	0.00250027617225795
MTAP	MTAP	0.101781698153033	0.0207467680592156
BAG1	BAG1	0.761699613955926	0.0139972239864614
UBAP2	UBAP2	0.378515705967671	0.0618612484332362
DCAF12	DCAF12	0.173482428323857	0.0294732462926101
DCTN3	DCTN3	21.5280781866845	0.00258592101842599
CCDC107	CCDC107	0.902321922255172	0.0521415529924348
PTAR1	PTAR1	0.454166358591302	0.00545892804707224
KLF9	KLF9	0.20026338570625	2.40051075933222e-05
TRPM3	TRPM3	0.285982201022788	1.65536378910203e-07
CEMIP2	CEMIP2	0.26051606495926	2.68062601871782e-06
ALDH1A1	ALDH1A1	38.9761596320984	1.24775992353749e-43
ANXA1	ANXA1	8.17506030941926	8.88302157061171e-11
PCSK5	PCSK5	0.238153621433739	6.13162192415589e-09
RFK	RFK	0.442377341457979	0.0308937798582656
PSAT1	PSAT1	0.386757604896387	3.42787346629491e-10
FRMD3	FRMD3	0.269785692516642	4.50573310635845e-07
GKAP1	GKAP1	0.132046543627123	0.0162636245958877
NINJ1	NINJ1	0.357973378634621	0.0342697468983545
FBP1	FBP1	0.381405525181916	0.00856956400684403
HABP4	HABP4	0.438982542815442	0.0423106345638955
MFSD14C	MFSD14C	0.1095304802582	0.0572925568343321
SEC61B	SEC61B	3.40618138933493	0.0925655868608389
NR4A3	NR4A3	0.105661509004047	0.00318354835995545
TMEM246	TMEM246	0.479717269243889	0.00256840182167196
SMC2	SMC2	0.247144498973846	0.00562517554363682
FSD1L	FSD1L	0.22519439125112	0.0865527949342928
ZNF462	ZNF462	0.236726874417403	5.19232675805524e-05
RAD23B	RAD23B	0.255706419175711	6.13811665219035e-05
KLF4	KLF4	0.269469598442717	0.0617140438726424
CTNNAL1	CTNNAL1	1.15284655904212	3.61819862797299e-15
TMEM245	TMEM245	0.104639630682477	0.0449833872006975
FRRS1L	FRRS1L	1.51637909919677	4.85265070928435e-06
EPB41L4B	EPB41L4B	0.136321998318923	0.000719250749035179
TXN	TXN	32.1862490193286	0.0577456390216154
ZNF883	ZNF883	0.147689098926282	0.0214697512218333
RGS3	RGS3	0.832596003811186	3.98731499708603e-06
PAPPA	PAPPA	2.30556803134485	1.40413042828548e-05
ASTN2	ASTN2	0.165452742877595	0.000224266805896875
MEGF9	MEGF9	0.19634416161075	1.37837377751347e-08
RAB14	RAB14	1.22295654169256	0.0917321172574649
STOM	STOM	1.86365096974551	0.0019218523822389
OLFML2A	OLFML2A	1.57464577646855	9.97216534470005e-16
ARPC5L	ARPC5L	0.365289305028808	0.0135188724507698
HSPA5	HSPA5	6.47001554755551	0.0136492744549952
MVB12B	MVB12B	0.158309955047489	0.000478631786994741
GARNL3	GARNL3	0.237847847233875	0.00129179104130442
STXBP1	STXBP1	1.59541548210755	0.0408464005414565
SH2D3C	SH2D3C	0.121327922356071	0.000413263306950759
FAM102A	FAM102A	0.139409498130948	0.000306313793999972
SLC25A25	SLC25A25	0.25739733830184	0.00330170004003539
C9orf16	C9orf16	2.9192999048314	0.0556344423765664
SPTAN1	SPTAN1	4.78037665171416	4.1275872719765e-09
SH3GLB2	SH3GLB2	1.56355864616786	7.19253732968854e-06
C9orf78	C9orf78	0.133397977532188	0.0716220667405037
ASS1	ASS1	36.1068762525617	1.64262162530118e-05
AIF1L	AIF1L	0.211410969621334	4.28534017805328e-08
PRRC2B	PRRC2B	0.137754620320553	0.0668079104187844
RALGDS	RALGDS	0.4813534414053	0.000930351539689723
SURF1	SURF1	0.144440890552059	0.0352357171377163
OLFM1	OLFM1	20.134229434874	3.40491792110266e-10
CAMSAP1	CAMSAP1	0.389919945311947	0.0929764403235521
NOTCH1	NOTCH1	0.353480516154417	5.30442642113584e-06
EGFL7	EGFL7	3.07668138867503	0.0880316681477416
EDF1	EDF1	24.9324785458936	0.0136504263237414
PAXX	PAXX	0.42990591901527	0.00016526154490731
ABCA2	ABCA2	0.119828116102771	8.65770247876096e-05
NPDC1	NPDC1	20.108007079916	4.42418718027279e-21
ENTPD2	ENTPD2	1.3780291989583	1.0593067029017e-22
DPP7	DPP7	0.337055312333524	0.000534167322390601
B4GALNT4	B4GALNT4	0.529901372423504	2.02106533288319e-05
SIGIRR	SIGIRR	5.90312800452232	0.00603274490776513
HRAS	HRAS	5.0381684618658	0.00816274967583018
DEAF1	DEAF1	4.05759461200004	0.0497344587599817
TALDO1	TALDO1	2.39407217445329	0.00105592135968053
PNPLA2	PNPLA2	0.1632824055516	0.00644322864111884
TSPAN4	TSPAN4	3.59527203218113	2.16690142051692e-05
AP2A2	AP2A2	0.156564115216989	0.0391156489231587
TOLLIP	TOLLIP	0.240914877294236	0.0336952509940719
BRSK2	BRSK2	0.203732095391362	3.02103940711452e-06
DUSP8	DUSP8	0.268331486644639	9.05726086314892e-08
MRPL23	MRPL23	1.32273622333898	0.0395746925849931
APBB1	APBB1	2.88464390638273	0.000589064157601693
TUB	TUB	0.137915669513755	0.0479155858786004
RIC3	RIC3	0.589631061558078	1.15656051871483e-14
TMEM41B	TMEM41B	0.342890910922312	0.0664556012599251
DKK3	DKK3	1.82455573078814	0.00329306293504656
CALCB	CALCB	49.1832594139555	1.08920462186177e-09
CALCA	CALCA	5.19711293796177	6.92710490182331e-07
PIK3C2A	PIK3C2A	0.129078656471689	0.0410161497780515
LDHA	LDHA	3.6091415111413	0.0594485865919354
NELL1	NELL1	2.01916701226232	9.27265405375411e-21
SVIP	SVIP	0.143928595380421	0.011264704857163
FIBIN	FIBIN	0.155833009856504	0.000734165231018697
MPPED2	MPPED2	0.368954802072428	3.7093512361081e-10
EIF3M	EIF3M	1.2187560937739	0.0204973736286382
CD59	CD59	1.47425999270805	0.00148073199084746
FJX1	FJX1	0.326862806941156	4.41308419402597e-09
LRRC4C	LRRC4C	13.1557265387526	9.9851069202372e-17
TP53I11	TP53I11	1.28412728032525	0.0789683664085283
MAPK8IP1	MAPK8IP1	0.931535295074607	4.90334350531987e-05
ARFGAP2	ARFGAP2	0.4581995741113	0.0450598285303584
MADD	MADD	0.235141273021487	0.00906858590320369
PSMC3	PSMC3	1.24380221895496	0.0017629454934357
CELF1	CELF1	0.508681614341368	0.00314813426809532
C1QTNF4	C1QTNF4	0.837765721351795	8.53919699157696e-08
PTPRJ	PTPRJ	0.101616262621091	0.0253823580549927
TIMM10	TIMM10	0.185873434786224	0.0644172949112745
MED19	MED19	0.171005336927942	0.00375668998392791
DTX4	DTX4	0.260296757528299	2.07055701841436e-06
TMEM132A	TMEM132A	0.303642722195439	0.0158309624547664
SLC15A3	SLC15A3	1.3713024918765	9.02879819419615e-27
TMEM258	TMEM258	3.616555019723	3.39373592189543e-08
FADS2	FADS2	0.285901760425592	7.23814086553205e-09
FADS1	FADS1	0.858798645018614	5.95903398677291e-08
FTH1	FTH1	133.605574475338	1.10748334940289e-08
GNG3	GNG3	40.1832594139764	1.82712520777723e-09
SLC3A2	SLC3A2	1.65534218139025	0.00462478562066027
PLA2G16	PLA2G16	0.672996077128207	4.63882890959713e-11
RTN3	RTN3	13.8297424972339	0.00317196570941969
OTUB1	OTUB1	0.174542581457828	0.0163888268231643
FLRT1	FLRT1	0.139870044616269	5.16380563099573e-06
TRPT1	TRPT1	0.160675186745617	0.00822624035260461
VEGFB	VEGFB	3.87700902312226	0.0812525297611701
PPP1R14B	PPP1R14B	3.93445018578738	2.62884052764486e-13
PRDX5	PRDX5	35.0078672683319	0.0314785165680874
NRXN2	NRXN2	6.14145332469871	8.5445588772341e-10
EHD1	EHD1	0.23609248996303	0.00828804055301431
PPP2R5B	PPP2R5B	5.16490202120765	0.0026166109237615
TM7SF2	TM7SF2	2.31305195021836	2.83443621647057e-08
FAU	FAU	40.6055737563566	0.0408295604303789
MAP3K11	MAP3K11	0.254142252143961	5.38517205049447e-05
CFL1	CFL1	15.2923167154485	0.00170598074382589
KLC2	KLC2	0.161529452023788	0.0156837981995113
CNIH2	CNIH2	4.52364515064045	1.36184397566097e-05
YIF1A	YIF1A	0.33945995479613	0.00130579537271864
MRPL11	MRPL11	0.221563513271567	0.0392534542062248
CCS	CCS	0.176800753366533	0.0531245515414439
TMEM134	TMEM134	0.112655608434571	0.0237846824002682
CDK2AP2	CDK2AP2	2.3466431657243	0.0184280508123728
GAL	GAL	101.163904135735	1.24442269450692e-09
MRPL21	MRPL21	0.309481785788431	0.0256291056906347
CTTN	CTTN	0.747376754061077	0.0213325955539482
PHOX2A	PHOX2A	48.1776910018486	7.05082083221125e-08
FAM168A	FAM168A	0.145806065189053	0.079450674853115
PLEKHB1	PLEKHB1	0.258473532474603	2.28043766672102e-08
RAB6A	RAB6A	1.99626857597529	4.53119990065935e-07
MRPL48	MRPL48	0.204648210452999	0.0701613327259375
COA4	COA4	0.322946457388906	0.00579690636843982
PGM2L1	PGM2L1	40.0545159682584	7.9863050701455e-08
MAP6	MAP6	0.45736554100447	3.17081858764739e-05
PAK1	PAK1	0.123407532052954	0.093764878186706
FAM181B	FAM181B	0.152613962506706	8.5800664944807e-05
CCDC90B	CCDC90B	5.04019025506543	0.000622651475005272
DLG2	DLG2	0.288747929526529	0.000240260804851247
TMEM126A	TMEM126A	0.308968410435328	0.036811302148999
HIKESHI	HIKESHI	1.26366799315337	0.0478615244971305
PRSS23	PRSS23	0.584182726641157	6.42529119095288e-07
SLC36A4	SLC36A4	0.128128738209481	0.000820505729319729
TAF1D	TAF1D	0.378324849686041	0.00708779656867075
CWC15	CWC15	0.395683543951897	0.0364250294384391
SRSF8	SRSF8	0.382531002515195	1.57195594885419e-06
ENDOD1	ENDOD1	0.26757101153185	0.000111735100684308
SESN3	SESN3	0.14124036465262	0.00612457692105781
FAM76B	FAM76B	0.119726423952049	0.0402891629567568
CEP57	CEP57	0.331502065609245	0.0684144433703649
CCDC82	CCDC82	0.218501023635866	0.0655633688015523
GUCY1A2	GUCY1A2	0.400364888560811	0.0151739902716153
ACAT1	ACAT1	2.20399073557901	0.0202201662706719
LAYN	LAYN	0.10913289112887	0.00011747908900686
CRYAB	CRYAB	68.6494113806874	1.59674541279046e-25
HSPB2	HSPB2	2.39206263185949	1.20615215813621e-08
DIXDC1	DIXDC1	0.185493921892152	0.0138472404654799
TIMM8B	TIMM8B	0.760570891090871	0.00237349950798888
NCAM1	NCAM1	3.62265357641488	6.85725682828122e-06
REXO2	REXO2	0.626931725786917	1.07082701345622e-06
CADM1	CADM1	1.25352424701806	3.77000103254801e-20
FXYD6	FXYD6	39.9632464077163	5.2718860381376e-06
KMT2A	KMT2A	0.694875170455935	0.0290882908153851
MCAM	MCAM	3.45335130884021	2.25930695108014e-19
ARHGEF12	ARHGEF12	0.602506980961677	0.000103095714807006
SC5D	SC5D	0.334240462080974	0.0870023000799504
SORL1	SORL1	0.132347674010256	0.00224053674780718
HSPA8	HSPA8	50.7325179310634	0.0580515529473241
SCN3B	SCN3B	5.20896341278701	2.61951650496636e-05
ROBO3	ROBO3	0.130091748882475	0.0251281642429373
FEZ1	FEZ1	2.30381975377978	0.000237164597778676
APLP2	APLP2	14.6042354334719	0.000637998305340378
ADAMTS8	ADAMTS8	0.149879018067597	6.15507784295127e-05
PFKP	PFKP	8.18350216949438	0.00184897377922674
NET1	NET1	0.204024552306782	0.00109301683953325
GDI2	GDI2	2.84210858165358	0.0436222444565093
ATP5F1C	ATP5F1C	6.50335796526769	0.0171598279601895
CDC123	CDC123	0.777319193252411	0.00847910255657814
FRMD4A	FRMD4A	0.268746203294803	0.00257783262156967
FAM107B	FAM107B	0.411634965000445	7.04982264070824e-09
RSU1	RSU1	0.391672805386473	0.0900718231915092
HACD1	HACD1	2.16544813320722	1.77665199039485e-06
STAM	STAM	0.156494054676423	0.0186902437676954
DNAJC1	DNAJC1	0.577162809585738	8.39514763321724e-09
ARHGAP21	ARHGAP21	0.543339633360586	8.90026534498048e-05
ABI1	ABI1	0.121338952513376	0.0180182921943239
ZEB1	ZEB1	0.125693004261182	0.0640751321725127
NRP1	NRP1	0.216997141530213	0.00777619601089926
ZNF33B	ZNF33B	0.268722891915087	0.00021666275990582
RET	RET	6.21119865972276	1.94876089418584e-08
RASSF4	RASSF4	1.14412159781623	1.25839303185135e-22
MAPK8	MAPK8	0.127400529422292	0.0261994026712066
SLC18A3	SLC18A3	24.1860552911461	1.09209078472419e-05
CISD1	CISD1	0.93642523221345	0.0802510402673521
UBE2D1	UBE2D1	0.1754385166146	0.0622996704607281
ANK3	ANK3	0.182412047816336	0.0156633418183174
HERC4	HERC4	0.157988407308673	0.00226280079318784
RUFY2	RUFY2	1.46032412787482	0.0112042672644759
TSPAN15	TSPAN15	0.112332971252428	0.00275379148281777
H2AFY2	H2AFY2	0.63916595294865	0.000574214336595127
PPA1	PPA1	6.65002968118129	0.00269532477103777
PCBD1	PCBD1	12.8083487408789	0.00727640656971256
PPP3CB	PPP3CB	0.164309425628794	0.0161087171569819
ADK	ADK	0.121475279208701	0.0651288499595332
KCNMA1	KCNMA1	0.172342998130319	0.00551879666308071
FAM213A	FAM213A	4.03522931531788	0.0310968074096354
GHITM	GHITM	2.99100342755982	0.0186304283279158
CCSER2	CCSER2	0.306673656497496	0.0654668507389028
SNCG	SNCG	160.166646344655	4.09384152725599e-05
IFIT2	IFIT2	2.86079891607741	0.000952506304325447
LGI1	LGI1	0.2154541074182	0.000359709768513312
PLCE1	PLCE1	0.348840901369367	2.03695047890364e-12
BLOC1S2	BLOC1S2	0.345711050329184	0.0340783426149466
SCD	SCD	0.455049973820854	0.0021650420520888
OGA	OGA	0.740440639299613	0.0229486745803029
CUEDC2	CUEDC2	3.89540332400587	2.88342088504127e-06
INA	INA	13.1870543818947	2.23262775269106e-08
ATP5MD	ATP5MD	35.885703451496	4.42563960763774e-06
SORCS1	SORCS1	0.31392132481416	7.95715231159885e-10
ADD3	ADD3	3.87089176366161	8.43280028560459e-08
MXI1	MXI1	0.284415563934027	2.02726470173353e-07
AFAP1L2	AFAP1L2	0.219279861976689	1.40985094290363e-06
ABLIM1	ABLIM1	0.133468992291599	0.00152620115228584
PDZD8	PDZD8	0.160067204526949	0.00332700355518287
EIF3A	EIF3A	2.66045055133911	0.0728675936854656
PRDX3	PRDX3	2.49506523401605	0.00015866282467379
INPP5F	INPP5F	0.102570456907411	0.00188382800760695
PLEKHA1	PLEKHA1	0.894453275704219	0.000796850101376755
BUB3	BUB3	14.8963903581282	8.49388894130482e-07
ZRANB1	ZRANB1	0.199664429103881	0.00684555261613137
DPYSL4	DPYSL4	0.182411647824723	0.0108398045806662
STK32C	STK32C	0.573170467328135	2.35979842686181e-06
TUBGCP2	TUBGCP2	0.223201797999997	0.0284272694383175
CALY	CALY	40.164678165909	1.26901728248408e-07
CD9	CD9	35.1845849961128	1.95438426641237e-23
GAPDH	GAPDH	218.912443693191	4.00010090230118e-10
PIANP	PIANP	0.530587204722023	0.0471408690098569
MLF2	MLF2	7.52738955747373	0.0562928007469926
PTMS	PTMS	15.5548084285671	0.0641035966210764
TPI1	TPI1	5.61225015072414	0.0055869755309305
ENO2	ENO2	36.1383908492953	3.94818460743385e-09
LRP6	LRP6	0.411552262065877	1.38538225875675e-11
PLEKHA5	PLEKHA5	0.239927559396358	0.0033019150423202
LDHB	LDHB	15.4811090821166	0.000883661911492705
CMAS	CMAS	0.243079627385204	0.0620344634098928
SOX5	SOX5	0.102479693328171	0.00700868661878741
ETFRF1	ETFRF1	0.140680959362726	0.0242132266458144
TM7SF3	TM7SF3	0.175018753186734	0.00650577846066945
PPFIBP1	PPFIBP1	0.735506634310359	3.23742525179356e-15
KLHL42	KLHL42	0.499860274662952	0.0848272244305
TSPAN11	TSPAN11	0.577688874702435	3.62292493152301e-09
SINHCAF	SINHCAF	0.363719268715604	0.000139597640611534
BICD1	BICD1	0.294514082342552	1.1499626568979e-09
DNM1L	DNM1L	1.4702717487508	0.000120008822624367
PKP2	PKP2	0.105764644220955	0.000363599095436284
SYT10	SYT10	0.139752156357619	1.0556366453612e-05
CPNE8	CPNE8	1.25600741556134	0.000900776456209014
KIF21A	KIF21A	29.1706203123578	4.80980650715353e-21
NELL2	NELL2	1.14877551910452	8.20316149424487e-29
SLC38A1	SLC38A1	0.26559883813202	0.000306838022055323
TMEM106C	TMEM106C	0.461221180281692	0.000293990187063996
COL2A1	COL2A1	0.422565665975475	3.23171805768999e-09
CCDC184	CCDC184	8.17129531462777	4.55842211444131e-05
ARF3	ARF3	0.48537290765688	0.00121946665132567
TUBA1B	TUBA1B	194.604340803395	2.99195223746435e-05
TUBA1A	TUBA1A	663.605588909083	5.99727247680201e-62
PRPH	PRPH	219.161169425964	1.2135802984446e-18
TMBIM6	TMBIM6	1.58931224434853	0.0118421203580516
FAIM2	FAIM2	4.50477580991021	0.000226441291632571
LIMA1	LIMA1	0.384545149273779	0.00247527166682781
DIP2B	DIP2B	0.144220901558689	0.000577244907527461
LETMD1	LETMD1	0.2881020237977	0.0203154215595947
DAZAP2	DAZAP2	0.126857074405321	0.0975874020369077
SLC4A8	SLC4A8	0.193930301396368	1.71155896330129e-05
NR4A1	NR4A1	2.69849399404621	1.37844016694751e-05
PCBP2	PCBP2	2.55481305287932	0.000675195481142238
HOXC4	HOXC4	5.16063094504848	0.000494463140964778
CBX5	CBX5	0.866184135562711	4.01264916608507e-05
PPP1R1A	PPP1R1A	6.1689388722321	0.00516601343884898
BLOC1S1	BLOC1S1	3.88814992376376	0.0108022815020028
ERBB3	ERBB3	1.02967133437592	2.66746863994899e-23
MYL6B	MYL6B	1.4946695982443	0.029713609916674
MYL6	MYL6	20.5850165732514	0.0184161606905135
SMARCC2	SMARCC2	0.241141955823174	0.00763815093984136
CNPY2	CNPY2	2.00946461480719	7.16370008648752e-11
BAZ2A	BAZ2A	0.131788753179958	0.0681161340338745
NACA	NACA	41.9124440880771	0.0218193167737552
DDIT3	DDIT3	0.27814630223138	0.00375176679609795
DCTN2	DCTN2	18.1566192165122	0.00117989983435957
MARCH9	MARCH9	0.144262729613698	0.00084775855163988
USP15	USP15	0.102406208404986	0.0370069220437665
SRGAP1	SRGAP1	0.886081540977008	2.62353309740017e-06
TMBIM4	TMBIM4	4.49745707833049	2.08279208339909e-05
SLC35E3	SLC35E3	0.163369757628586	0.0901861945178198
RAB3IP	RAB3IP	0.153450406117259	0.000595309871865383
KCNMB4	KCNMB4	0.204144488516661	3.07114215826225e-06
ATXN7L3B	ATXN7L3B	0.440072787134716	0.0692344883921832
SYT1	SYT1	22.1323207193151	1.71816956257139e-13
DUSP6	DUSP6	0.331528486196369	2.01183709666238e-08
ATP2B1	ATP2B1	0.140052544169717	0.0428565387498941
NUDT4	NUDT4	0.428910201364476	0.00101200702195432
UBE2N	UBE2N	0.721777728416547	0.0362685292239632
NDUFA12	NDUFA12	12.2762877621392	0.0540597002838693
VEZT	VEZT	0.143557191993308	0.00381242791620412
METAP2	METAP2	0.501234842748262	0.0719181195113476
ANKS1B	ANKS1B	0.488106521447985	3.88888363331221e-16
ASCL1	ASCL1	5.21153749959895	4.26156135946088e-10
C12orf75	C12orf75	0.698180158342051	0.0232437151339623
FAM222A	FAM222A	0.1142729524403	0.0182534307308644
C12orf76	C12orf76	4.11838501412575	0.00169485305157859
VPS29	VPS29	7.78468939898552	0.0104520467571433
TBX3	TBX3	10.3844437470234	1.4285388529766e-06
FBXO21	FBXO21	0.290570493946504	0.0206600046538423
PEBP1	PEBP1	44.431536671213	3.70273605941731e-06
SRRM4	SRRM4	0.243651553018029	7.20683764462055e-05
HSPB8	HSPB8	1.52812470000858	2.43214295504559e-06
CIT	CIT	0.145256008965257	0.00029455261390429
PXN	PXN	0.206216345615337	3.75975442614009e-05
COX6A1	COX6A1	26.1168157899169	0.00377940047611059
DYNLL1	DYNLL1	48.5893604802265	0.0023405329558075
CLIP1	CLIP1	0.233689181488084	0.000773350542093977
VPS37B	VPS37B	0.343220879094656	4.26219788917475e-08
SNRNP35	SNRNP35	0.27805441426263	0.00369341040631477
ZNF664	ZNF664	0.167545284707971	0.0653074374948518
TMEM132B	TMEM132B	0.290902640430414	1.61817985922554e-07
SFSWAP	SFSWAP	0.106226093069231	0.00633591383080051
MMP17	MMP17	0.34334814451516	3.59668674609756e-08
FBRSL1	FBRSL1	0.73997981608349	0.0136738475345114
CRYL1	CRYL1	0.19737485822228	0.0903545833982071
TNFRSF19	TNFRSF19	0.127695178386084	0.000124012742534024
GTF3A	GTF3A	4.97809649314369	0.0197992857730745
UBL3	UBL3	0.312078080582014	0.000334361812402793
HSPH1	HSPH1	3.0497474594822	1.66789079328895e-08
NBEA	NBEA	0.606637529710573	0.000121050360379231
MAB21L1	MAB21L1	1.19868506664225	3.70140874241056e-16
DCLK1	DCLK1	1.47038219035631	0.00234725300127132
SMAD9	SMAD9	1.20312565003396	0.000111933799355861
FOXO1	FOXO1	0.274054342329303	1.03330497425753e-09
RGCC	RGCC	0.763429972580079	1.85928597254096e-09
SUCLA2	SUCLA2	0.187651773629885	0.0753451513909945
PCDH17	PCDH17	4.10667795344683	7.44562417726161e-15
COMMD6	COMMD6	3.45899470769485	0.00415002976004401
KCTD12	KCTD12	27.0334803831903	5.38688574481499e-13
EDNRB	EDNRB	0.33065837490559	3.15832944713746e-08
GPC6	GPC6	0.316025316361911	3.55014493671321e-08
HS6ST3	HS6ST3	0.863016125447379	3.90439673167399e-06
RAP2A	RAP2A	0.137471707357827	0.0728102989258208
EFNB2	EFNB2	0.391756116079947	5.70288321153822e-08
ARGLU1	ARGLU1	0.603472103942536	0.0577784078539757
IRS2	IRS2	0.296693680779002	3.6178448411865e-08
RAB20	RAB20	0.256868047585537	0.000118723245438348
ING1	ING1	0.441472747446821	0.0147934478365495
ANKRD10	ANKRD10	0.580234651945855	0.000500573449745162
ARHGEF7	ARHGEF7	0.224839704547569	5.23402894203044e-06
ATP11A	ATP11A	0.301614571483769	9.40893458775909e-05
MCF2L	MCF2L	0.143451564244279	0.000124868106194342
PARP2	PARP2	0.123545224263091	0.00816408354603671
APEX1	APEX1	0.812615383556657	0.000594283721395512
PNP	PNP	0.101201635553474	0.0477984447753333
RNASE1	RNASE1	4.56804950808767	4.19258548872298e-05
NDRG2	NDRG2	0.668013435309097	4.99815337982391e-08
ARHGEF40	ARHGEF40	0.195637707293621	0.00754802378207195
ZNF219	ZNF219	0.102562315227774	0.000672628742300178
MRPL52	MRPL52	2.0420451808569	0.00905232798216793
PABPN1	PABPN1	0.65767701384858	1.40640675462641e-06
SLC22A17	SLC22A17	2.56541999209201	2.14039970764163e-09
EFS	EFS	0.236747823438174	0.00150271828668144
CMTM5	CMTM5	0.56420186972644	1.92329786730605e-10
JPH4	JPH4	4.31475377286263	8.118454898217e-08
REC8	REC8	0.869462023102823	0.00142692249352121
RABGGTA	RABGGTA	0.289486429663841	0.0817021486688233
SDR39U1	SDR39U1	0.269808289333038	0.00450479544723866
HEATR5A	HEATR5A	0.133060419777396	0.086263949616639
AKAP6	AKAP6	0.234690866648967	4.01023875951603e-06
CFL2	CFL2	7.62798514646543	0.0116131311738926
RALGAPA1	RALGAPA1	0.304600203051324	0.0977841980076208
PNN	PNN	1.16478782048001	0.000428440276983672
FBXO33	FBXO33	0.104218099960885	0.0795567098141648
TOGARAM1	TOGARAM1	0.11151909318582	0.0059343855409572
FKBP3	FKBP3	0.647710487745986	0.0307862915265558
RPL36AL	RPL36AL	11.5435728781026	0.0490374902145049
MAP4K5	MAP4K5	0.16951348329158	8.50592017380143e-05
ATL1	ATL1	4.40924452341318	9.23492955345099e-08
PYGL	PYGL	0.128163959406918	0.000272762122143988
TRIM9	TRIM9	0.128328930980168	1.02895298952621e-05
GNG2	GNG2	2.25108069478381	3.84418275879039e-10
PSMC6	PSMC6	0.176711655776103	0.0806910549114583
KTN1	KTN1	1.38890531668051	0.00196026473668672
PSMA3	PSMA3	0.183415937766345	0.0506871791017572
PSMA3-AS1	PSMA3-AS1	0.17408224937203	3.54691980340294e-05
ARID4A	ARID4A	0.205504830504004	0.0713776951548645
RTN1	RTN1	108.108719194504	3.15770119394036e-05
PPM1A	PPM1A	0.131677053979955	0.0219102571454285
MTHFD1	MTHFD1	0.362426697752456	0.0312008922345792
PNMA1	PNMA1	2.89553407458277	0.0295501930738903
ELMSAN1	ELMSAN1	0.133309954948416	0.0199785563541688
ACYP1	ACYP1	0.272609492801964	0.000435831495558792
JDP2	JDP2	0.113911059113065	0.0238643046827042
ERG28	ERG28	0.232850479566707	0.00957690704187833
AHSA1	AHSA1	0.390896013051082	0.0224081800125398
NRXN3	NRXN3	1.59492031484093	3.2706361464764e-14
EML5	EML5	0.223717078790663	2.19127277888394e-05
PSMC1	PSMC1	3.20354850887131	0.00580500237962869
CALM1	CALM1	66.6052328515287	3.78023037260322e-09
FBLN5	FBLN5	2.99868553052539	0.0239849424280774
LGMN	LGMN	0.261108130840107	0.0202862491632956
CHGA	CHGA	28.0198273092709	4.39542333957212e-07
ITPK1	ITPK1	0.324721497304374	3.23299444723394e-08
MOAP1	MOAP1	4.13116620640245	0.016916189331646
PRIMA1	PRIMA1	0.650634838057274	6.72018937980688e-15
DICER1	DICER1	0.263428857684573	0.0264183457036232
EVL	EVL	6.74083843881213	0.0120604753588641
MEG3	MEG3	1.60650400687724	9.66438447969159e-09
PPP2R5C	PPP2R5C	0.124844176710796	0.0257655480439453
DYNC1H1	DYNC1H1	0.732215712514863	3.38563105522073e-06
HSP90AA1	HSP90AA1	3.73251931399312	8.17005024668258e-07
MARK3	MARK3	0.24024814342628	0.00098344406179502
CKB	CKB	2.46846343325934	6.32450189581906e-08
KLC1	KLC1	7.98015414249209	0.00183694073225245
KIF26A	KIF26A	0.306763367985669	4.59042811501393e-07
CRIP2	CRIP2	24.0771556450375	2.67147580831439e-17
CYFIP1	CYFIP1	0.158819719585918	0.00180946612042673
NDN	NDN	11.5157425628689	0.000587244975930185
PWAR6	PWAR6	0.262816572801455	0.0942412735301287
GABRB3	GABRB3	0.623852655674628	1.84924104019274e-06
KLF13	KLF13	0.169373680248829	0.0100626786129972
CHRNA7	CHRNA7	0.217938235695268	6.24562311256168e-05
SCG5	SCG5	8.24420914198883	7.25195145891475e-12
SPRED1	SPRED1	0.17232628815333	0.0122413637041546
GPR176	GPR176	0.222182543700182	0.000180329998491569
SRP14	SRP14	22.6017707959694	0.037375695641402
DISP2	DISP2	0.14632021735365	5.471642256453e-05
CHP1	CHP1	0.10156356213918	0.0255112636340524
EHD4	EHD4	0.165443814196118	0.000747392852482089
CCNDBP1	CCNDBP1	0.643120940999913	0.0113019650922874
GATM	GATM	0.174855443631864	0.000113629082780593
SEMA6D	SEMA6D	0.43885563923445	5.19316328572651e-07
MYEF2	MYEF2	0.177631954087203	1.09188573623446e-07
SHC4	SHC4	0.362539611001162	1.9361214819272e-08
SECISBP2L	SECISBP2L	0.18070062184327	2.76367536658419e-05
COPS2	COPS2	0.620362546936706	0.000249174511759909
GABPB1-AS1	GABPB1-AS1	4.57416255605925	0.00144263187234372
SCG3	SCG3	3.21477934720314	1.1641123895051e-07
LYSMD2	LYSMD2	0.604239682980067	6.50942668519584e-07
TMOD2	TMOD2	1.57251454927982	1.28235757388523e-11
MYO5A	MYO5A	0.205507218580068	0.00011195043669308
ARPP19	ARPP19	2.33088056660718	0.000833774325766289
ANXA2	ANXA2	13.8547330371889	1.7786972313284e-11
ANKDD1A	ANKDD1A	0.101190039477003	0.000276674941859769
RAB11A	RAB11A	4.45594785060085	0.0689667265888051
FEM1B	FEM1B	0.179227817489427	0.00988601132833969
CORO2B	CORO2B	0.242443044353029	0.0113162024838867
ANP32A	ANP32A	0.451053173991112	0.00493170359273778
TLE3	TLE3	0.11983891654895	0.00032346294010325
UACA	UACA	0.208677519709665	0.00388422346102255
LARP6	LARP6	0.12565910263615	0.0508879132383904
PKM	PKM	8.31492302262238	0.0428982645813451
ARIH1	ARIH1	0.248136225887686	5.302019069539e-06
COX5A	COX5A	25.3560628591449	3.9200798377606e-05
SCAMP5	SCAMP5	0.134718883371759	0.000130176502795953
IMP3	IMP3	2.24489732233075	0.0281759706586855
SCAPER	SCAPER	0.137130339783649	0.0896095258551429
WDR61	WDR61	0.293034175046	0.030946341540788
CRABP1	CRABP1	113.177691001811	9.57127185037699e-10
CHRNA3	CHRNA3	15.3206309597145	1.20228202978241e-15
ZFAND6	ZFAND6	0.241786758401925	0.000134086145418503
ARNT2	ARNT2	0.128764055914632	2.15322964189449e-05
RAMMET	RAMMET	1.29817797113723	0.000357925993333676
AKAP13	AKAP13	7.91607810835847	9.22860991035376e-10
NTRK3	NTRK3	13.8580353466769	0.000127268413372216
ABHD2	ABHD2	0.135958990674207	0.000102510526501369
RLBP1	RLBP1	0.228829214028276	1.44577097415487e-07
SLCO3A1	SLCO3A1	0.109491972937991	0.0144489800283596
SYNM	SYNM	0.103515346830274	0.00190195186506733
TM2D3	TM2D3	0.492245233677426	5.52203476687013e-06
RHBDF1	RHBDF1	0.100746058445499	0.00158397600423431
RGS11	RGS11	0.923510221086769	6.72194326451644e-07
METTL26	METTL26	2.10417069849901	0.000422864843436926
METRN	METRN	8.20862918558405	3.5339727619349e-57
FAM173A	FAM173A	0.538073060371003	0.00966864655512476
AC009041.2	AC009041.2	0.339052769958966	2.53069679170817e-06
SOX8	SOX8	0.481945396720878	2.93751251447075e-12
MRPS34	MRPS34	3.5178047845367	0.0118035593966904
SPSB3	SPSB3	0.181146453739911	0.00362232666163553
HAGH	HAGH	6.10221249970154	3.69752021680536e-05
NDUFB10	NDUFB10	6.39092742999814	0.0434147496613521
PGP	PGP	0.465272260872686	0.00698311498919044
RNPS1	RNPS1	3.40226680010253	0.00294602921806685
ABCA3	ABCA3	0.123436855492973	0.000190248296753013
TNFRSF12A	TNFRSF12A	0.537012529621916	7.77681436905208e-05
UBALD1	UBALD1	0.123974083437492	0.0489956533662763
MGRN1	MGRN1	0.16574232295631	0.00572204330234998
ABAT	ABAT	0.134183939005308	0.000602209755338975
C16orf72	C16orf72	0.190833163274576	0.0320005784937088
ATF7IP2	ATF7IP2	0.300671967264944	6.12310038692098e-05
EMP2	EMP2	1.2900506587146	2.09255279648583e-08
GSPT1	GSPT1	0.414032603676264	0.00938096730823769
SHISA9	SHISA9	0.279137112647109	3.41073077100146e-11
ERCC4	ERCC4	0.130255939700141	0.0270347187353381
ARL6IP1	ARL6IP1	1.68468525814051	0.0293731398560301
METTL9	METTL9	2.02225039144306	0.00325845347469572
NDUFAB1	NDUFAB1	10.3060523709094	0.00578440861657465
RBBP6	RBBP6	0.412866154831381	3.14649638927406e-05
SBK1	SBK1	0.143059916884302	4.80470519893805e-05
KIF22	KIF22	0.140621165423779	0.0436273154553923
MVP	MVP	0.296747132397051	0.0112790518360582
CDIPT	CDIPT	3.17073792874773	0.0127039292421994
SEZ6L2	SEZ6L2	7.08424887862771	0.00385808564402019
KCTD13	KCTD13	0.160886197762925	0.00916675768162237
TMEM219	TMEM219	1.07781714625256	0.0507321345528685
FAM57B	FAM57B	0.765996967898179	0.000149096770779303
PPP4C	PPP4C	0.490697521676072	0.0290453986679538
YPEL3	YPEL3	6.08160159262231	1.45856435022924e-07
SIAH1	SIAH1	0.228754561888803	0.0284844307987171
LPCAT2	LPCAT2	0.180765057692987	4.60679230146538e-07
GNAO1	GNAO1	6.30170383901933	6.03298024107186e-07
CPNE2	CPNE2	0.987946092856604	0.0191407016769367
FAM192A	FAM192A	0.142604499170377	0.060481882749773
ADGRG1	ADGRG1	0.109037633306169	0.000421177228648379
MMP15	MMP15	0.82518448564709	1.29009923622277e-13
CFAP20	CFAP20	4.90965157383254	8.87243796755559e-15
CSNK2A2	CSNK2A2	0.122056400612371	0.0848704359621091
NDRG4	NDRG4	2.94874201552581	8.7941713884321e-07
DYNC1LI2	DYNC1LI2	6.75902309800738	0.000371163436055394
NAE1	NAE1	0.747923713240672	0.0496434414684547
TPPP3	TPPP3	1.03713194437885	0.00328877068469576
ATP6V0D1	ATP6V0D1	6.98506637684032	0.0222040905406511
ACD	ACD	0.107860594558967	0.0729716986991805
CFDP1	CFDP1	8.03896227351522	0.0233910971812645
GABARAPL2	GABARAPL2	19.646564516121	0.000345580673443956
CMC2	CMC2	0.174350539934625	0.0105081501954428
HSBP1	HSBP1	10.2989812625628	1.46099030736473e-05
COX4I1	COX4I1	22.7591488628172	0.0256826381699129
MAP1LC3B	MAP1LC3B	7.17851554498959	0.0168943410815464
TCF25	TCF25	3.09366010530446	0.0297812583461731
DOC2B	DOC2B	2.31419427875355	2.61675660843828e-06
YWHAE	YWHAE	9.86695868444425	5.78181307536684e-07
PAFAH1B1	PAFAH1B1	2.93915854291359	0.0124275085503203
RAP1GAP2	RAP1GAP2	0.129668955868614	0.000121767729574756
UBE2G1	UBE2G1	0.163980600884019	0.020448924361026
ALOX15	ALOX15	0.165011574228638	1.56130718724385e-06
ARRB2	ARRB2	0.158060345531489	0.000375131732429166
PSMB6	PSMB6	4.56208094881673	0.0978446287228584
SPAG7	SPAG7	3.09553865666893	0.0235534456705243
RPAIN	RPAIN	7.71492813372666	0.000202697763075329
TMEM256	TMEM256	0.357807637256066	0.0826334746721511
TRAPPC1	TRAPPC1	4.54744248508444	0.0297463935662981
VAMP2	VAMP2	23.6717235321767	0.00944259086545086
STX8	STX8	0.260076151326574	0.0735552578644821
GAS7	GAS7	2.02920690074047	3.87303632567573e-32
TTC19	TTC19	0.540558223176795	0.0253907633137972
CENPV	CENPV	4.17750667656758	1.39288295895633e-05
TOM1L2	TOM1L2	0.134063583100796	0.00108913834146508
MAPK7	MAPK7	0.116811892535154	0.0873633550181801
USP22	USP22	0.252172439274279	0.00819033526856302
RPL23A	RPL23A	2.55760169983949	0.0905005011303158
ERAL1	ERAL1	0.319107084073245	0.0671145855641755
FLOT2	FLOT2	0.253906356947259	0.000828051976794794
GIT1	GIT1	0.114315651475672	0.000321366367796957
ANKRD13B	ANKRD13B	0.125020222165209	0.0498031260283768
ARHGAP23	ARHGAP23	0.152134007560859	0.000213353628368954
SRCIN1	SRCIN1	0.280445613860608	4.86282989984143e-08
MLLT6	MLLT6	0.141696414255118	0.083750490636473
PCGF2	PCGF2	0.735621385206052	0.00077254260767378
PSMB3	PSMB3	3.44923469835224	0.0440404759584933
MIEN1	MIEN1	2.20747236887015	0.0878714593388862
THRA	THRA	0.321746994110692	0.0896987035411659
RARA	RARA	0.553768487403888	5.50914557339839e-06
IGFBP4	IGFBP4	2.21298460925582	0.000137074916145442
CNP	CNP	0.438078996384844	9.09304762042066e-10
ATP6V0A1	ATP6V0A1	0.700150330781564	1.86136023806016e-11
VAT1	VAT1	22.0229839939119	2.08446240152253e-09
RND2	RND2	0.211780255265243	1.5480285651128e-08
RUNDC3A	RUNDC3A	0.50757562394709	4.38087485318423e-05
EFTUD2	EFTUD2	0.239439239907114	0.00836894383872212
C1QL1	C1QL1	2.05943284269618	6.01745101285428e-14
MAPT	MAPT	12.1832862834187	7.96838415965631e-08
KANSL1	KANSL1	0.264746856792892	0.00353655938330784
NPEPPS	NPEPPS	0.174715437552107	0.0976482385604189
KPNB1	KPNB1	0.116971448682677	0.00276291620567875
HOXB4	HOXB4	2.24832024863303	0.0108701117686177
HOXB5	HOXB5	46.1113139890129	5.24215572229779e-11
ATP5MC1	ATP5MC1	9.13840361861313	0.0576433050255482
NGFR	NGFR	1.06430371620601	7.47781085840473e-12
MRPL27	MRPL27	1.82361890595671	0.00321319328096735
LUC7L3	LUC7L3	0.455355787688772	0.00930268225404276
SPAG9	SPAG9	0.145993021721211	0.0257195370797965
NME1	NME1	4.74444056584648	0.0770470460967187
MSI2	MSI2	0.225958553803005	0.0628883902068516
SUPT4H1	SUPT4H1	0.441960533170452	0.0648759897581769
TRIM37	TRIM37	0.122428369536103	0.0376376184227162
CLTC	CLTC	0.300370258730925	0.0318892316802506
RPS6KB1	RPS6KB1	0.122447217487911	0.0411747852637279
DCAF7	DCAF7	0.246831108434737	0.0242975281726361
RGS9	RGS9	0.120682632704339	1.16270363825652e-05
PRKCA	PRKCA	0.655552826255667	4.58244776920182e-11
BPTF	BPTF	0.483710001821457	0.0963281885443898
KPNA2	KPNA2	1.65873628427693	9.71558918078239e-09
AC005332.5	AC005332.5	0.207772893492617	7.2833614472325e-08
ABCA8	ABCA8	0.562292529157369	1.17115646973658e-19
JPT1	JPT1	21.0202090435173	1.29742130441828e-12
MIF4GD	MIF4GD	0.126824756839943	0.000167649244774055
UBALD2	UBALD2	0.429494048120322	3.99252654440541e-05
PRPSAP1	PRPSAP1	0.24202465492386	0.0428487107437705
CYGB	CYGB	15.5569026033649	1.24907429689442e-18
MXRA7	MXRA7	2.82935617558469	0.00739534572183167
SRSF2	SRSF2	0.61092983151875	1.35083394896981e-05
TMC6	TMC6	0.130990778025458	0.000718321649931283
SLC26A11	SLC26A11	0.835348757632583	0.0658305228718967
AATK	AATK	0.164832518225746	0.00423690506054396
ACTG1	ACTG1	251.605465321396	0.00177704708732394
NPLOC4	NPLOC4	0.114268522730249	0.00449225731433672
MRPL12	MRPL12	2.12450511183777	0.040180337490858
MCRIP1	MCRIP1	4.88831652101302	0.0192761803598759
ARHGDIA	ARHGDIA	8.6976479605337	0.0217667643276441
PCYT2	PCYT2	0.364301721996099	0.0776095764611362
MAFG	MAFG	0.31014484371439	1.52116674165843e-08
CENPX	CENPX	0.313161578784581	0.0133568984683804
RAC3	RAC3	4.16300485840041	8.45857737016059e-06
DCXR	DCXR	3.98459485922391	0.0246264245044043
RAB40B	RAB40B	0.331190555959128	0.0226643601081508
METRNL	METRNL	0.194571633569398	0.0238470956403796
USP14	USP14	0.398444349516136	0.0241531693771102
RNMT	RNMT	0.187037907248621	0.0630469116128505
SNRPD1	SNRPD1	0.758440883946382	0.00915209193493986
ANKRD29	ANKRD29	0.271757034008288	2.70281510878758e-09
CDH2	CDH2	4.25710804238032	2.20153009733654e-23
GAREM1	GAREM1	0.117168466847978	0.0957569404085315
DTNA	DTNA	0.124875704583609	2.36199631638236e-05
MAPRE2	MAPRE2	0.877444718389853	4.72864851597369e-18
ZNF24	ZNF24	0.163098166210064	0.0215076317191703
INO80C	INO80C	0.128925456200063	0.0571812439406462
RPRD1A	RPRD1A	0.12756707060862	0.00585497900493422
FHOD3	FHOD3	0.388395711720914	7.51231467470025e-06
TPGS2	TPGS2	4.95084591084136	0.0386285394851264
CELF4	CELF4	8.17489304940585	8.43884254427309e-06
RNF165	RNF165	0.293917720039645	2.97137019134137e-05
PIAS2	PIAS2	0.111984035881805	0.000875774004098015
HDHD2	HDHD2	0.24592058371725	0.0226769682279667
IER3IP1	IER3IP1	0.957274031552486	0.00853102581944552
SMAD2	SMAD2	0.313341001590011	0.000635162398305385
SEC11C	SEC11C	19.1349918673974	1.46647330586561e-17
CDH19	CDH19	2.41791808600465	5.67725290070518e-38
DSEL	DSEL	1.98999719892845	0.00618734417105444
SOCS6	SOCS6	1.57532058643762	0.0545687353817305
CNDP2	CNDP2	0.113789145843911	0.0660646816509124
TSHZ1	TSHZ1	0.141731783434911	0.0243765200137445
MBP	MBP	2.29307077564776	0.00236635395370868
NFATC1	NFATC1	0.223140105494301	0.000139496238860642
TXNL4A	TXNL4A	10.8059306072367	0.000190584001134364
PTPRA	PTPRA	0.881898551564886	0.0251459449579534
DDRGK1	DDRGK1	0.478616822278069	0.0270209094063052
ITPA	ITPA	0.799660654133994	0.0590967824767293
CENPB	CENPB	0.135206946843962	0.000637689776533995
CHGB	CHGB	0.665203352847587	8.39366380381547e-05
TMX4	TMX4	1.23357110854765	0.0277689587648355
PLCB1	PLCB1	0.240696570432842	7.90227653879288e-08
LAMP5	LAMP5	3.59760547868584	2.21818990209253e-31
SNAP25	SNAP25	14.1750428642223	2.64095090519373e-06
FLRT3	FLRT3	0.184117218275013	1.00825752302163e-05
PCSK2	PCSK2	1.81941773529008	2.88660765038448e-07
DSTN	DSTN	13.7853537645754	0.0143909213112201
DTD1	DTD1	5.03866920524926	0.0587587494601691
INSM1	INSM1	0.472389150055118	3.37108888212812e-10
XRN2	XRN2	0.407044383222018	0.098994845023029
CST3	CST3	8.60458475489562	0.000899765033159062
ACSS1	ACSS1	0.188347953311109	0.00714528830658302
PYGB	PYGB	0.134980173433473	0.000552823952331273
ID1	ID1	18.4674308178194	0.00498881957197968
NOL4L	NOL4L	0.197137035927902	0.000886945821723642
CHMP4B	CHMP4B	0.158153672878184	0.00995499024613158
EIF2S2	EIF2S2	0.538879200541184	0.0283291876537672
DYNLRB1	DYNLRB1	17.6283324024577	0.00283029117294579
GSS	GSS	0.6852599147071	0.000212751161825342
SCAND1	SCAND1	3.03808890613246	0.0440700475755854
RAB5IF	RAB5IF	0.121622622291162	0.0086336671923338
SAMHD1	SAMHD1	0.474185358643764	1.43863110743922e-05
NNAT	NNAT	80.0447383279912	4.26767073153488e-18
VSTM2L	VSTM2L	0.245390306654148	7.81771437972345e-05
EMILIN3	EMILIN3	0.103384271042041	0.0196170404409742
CHD6	CHD6	0.161280663374532	0.00885278104927265
OSER1	OSER1	0.317683198048295	0.0468976837187573
GDAP1L1	GDAP1L1	0.569840796635768	0.000259781348019085
WFDC2	WFDC2	0.218818735262878	1.37333730014203e-05
SULF2	SULF2	0.171168699393688	0.00938037257363765
PREX1	PREX1	0.106075276342987	7.62796721458688e-05
ATP9A	ATP9A	0.118543728504301	0.0564102023601844
PFDN4	PFDN4	1.3841668650619	0.0860489671651611
FAM210B	FAM210B	0.143554438781914	0.00123279637151754
PMEPA1	PMEPA1	0.185757277966899	6.4625118782489e-08
GNAS	GNAS	47.6055807321627	7.83315687801406e-05
ATP5F1E	ATP5F1E	54.3942303985531	0.0424255393538686
ADRM1	ADRM1	1.51058372334545	0.0855586818800874
RPS21	RPS21	30.798458095253	5.31618508453616e-06
COL9A3	COL9A3	0.678145240848687	2.03326852480256e-17
NKAIN4	NKAIN4	1.49486473541561	1.80392712938355e-15
COL20A1	COL20A1	1.1793516946016	3.2024959006656e-18
KCNQ2	KCNQ2	0.567488561239928	2.67046614356357e-14
EEF1A2	EEF1A2	89.1721534252539	5.59465988036751e-11
STMN3	STMN3	4.12933863989083	2.69161965423799e-05
PRPF6	PRPF6	0.139616494292635	0.022178038923319
TCEA2	TCEA2	8.53330561573895	0.0136364796644042
SHC2	SHC2	1.27149804668675	0.000415900108371287
PALM	PALM	7.02712984033434	0.000113598909303484
PLPPR3	PLPPR3	5.34253967733796	7.21280454674963e-07
ATP5F1D	ATP5F1D	15.1231585961716	0.0108834925922144
CIRBP	CIRBP	19.0792331238081	0.00341933402891568
NDUFS7	NDUFS7	9.65065484632699	0.000229446940817652
RPS15	RPS15	52.600522781581	0.0263750615447287
APC2	APC2	0.334576009423642	1.19486136359479e-09
UQCR11	UQCR11	19.0725685912145	0.0350426692935015
MKNK2	MKNK2	0.244916177384905	0.00868196832079959
OAZ1	OAZ1	21.8999120431856	0.00193242315692775
LSM7	LSM7	20.3753462773355	0.000359398274010818
TIMM13	TIMM13	8.31976862306662	0.00057765407665771
ATCAY	ATCAY	0.187045180594163	6.56879869971487e-05
SHD	SHD	0.152252371501149	3.71213137003559e-05
FSD1	FSD1	2.33327548941833	8.6638781906221e-08
HDGFL2	HDGFL2	0.103756103072122	0.0745156177714172
RPL36	RPL36	55.9432158585017	0.08482267000227
HSD11B1L	HSD11B1L	0.262600708588435	0.00299736732376483
MLLT1	MLLT1	0.134297646992564	0.00172579510068888
TUBB4A	TUBB4A	14.1804886419187	5.32201346549193e-09
MCOLN1	MCOLN1	0.17094030811364	0.0338741713013592
CTXN1	CTXN1	7.19387674357032	3.39362441247781e-08
CERS4	CERS4	0.149520227330741	0.00171962919533753
CD320	CD320	0.829128056598241	0.000371777403167845
MARCH2	MARCH2	0.230683250169545	0.0011288463800975
HNRNPM	HNRNPM	3.10039396384903	0.0435117981414789
ZNF426	ZNF426	0.119098701137202	0.0103460121240464
PIN1	PIN1	7.89007918772948	0.0316793915642622
OLFM2	OLFM2	5.23641775613423	2.25592087071632e-19
COL5A3	COL5A3	0.378913535603989	6.03197914174271e-08
CDC37	CDC37	1.78362252693649	0.0518130031425285
CDKN2D	CDKN2D	13.1525983185775	7.40763752826577e-05
SMARCA4	SMARCA4	0.920602895175133	4.32603551162717e-05
ELAVL3	ELAVL3	0.813022613211216	1.85133919833041e-09
WDR83OS	WDR83OS	10.9056700680566	0.0285826453930878
TRIR	TRIR	7.38216992012838	0.0552299728923191
PRDX2	PRDX2	26.5509816059281	0.000158662999044237
TRMT1	TRMT1	0.155667591936758	0.000639497446175868
IER2	IER2	27.5874408177931	1.35524603996045e-09
ADGRL1	ADGRL1	0.241920241908285	0.00912414877585763
DDX39A	DDX39A	0.211789656013122	0.0289346750538549
PKN1	PKN1	0.900638225198869	0.0682765717541891
BRD4	BRD4	0.362398651341976	0.00186091517590477
AKAP8L	AKAP8L	0.148287462961152	0.0365773869276743
AP1M1	AP1M1	0.699475549574342	0.0751468114901679
MYO9B	MYO9B	0.156874010709026	0.00130350689342142
GTPBP3	GTPBP3	0.135643367478578	0.0231402969630747
PGLS	PGLS	2.17289067933888	0.000143800667637317
RAB3A	RAB3A	10.2318766787913	8.69001675697645e-05
LSM4	LSM4	4.89375288455485	0.0659874777447928
SSBP4	SSBP4	6.13902309889215	0.000252326828999737
TMEM59L	TMEM59L	20.1783618972685	1.02202542380681e-10
CERS1	CERS1	0.171383956097037	1.58774327766432e-05
SUGP2	SUGP2	0.305477171501333	0.0212686333323119
BORCS8	BORCS8	1.41736245526954	0.0427924382749209
NDUFA13	NDUFA13	19.0153659795727	0.0253166838913554
UQCRFS1	UQCRFS1	14.6139321541589	0.00545378465440644
C19orf12	C19orf12	0.149127373295313	0.0119514797450796
ZNF536	ZNF536	0.151920595185254	0.0110776726675313
DPY19L3	DPY19L3	0.118750612319644	0.0133987584282279
PDCD5	PDCD5	4.70897812509324	0.0110703265718451
GRAMD1A	GRAMD1A	0.160147123658569	0.0419023784868189
LGI4	LGI4	1.01581951921556	5.09429248954142e-22
FXYD1	FXYD1	3.09176980704892	4.60442377797467e-14
FXYD7	FXYD7	11.1808333770868	0.000171632037109285
FXYD5	FXYD5	2.72153460232003	0.0223433951132221
LSR	LSR	0.133815915021738	0.010581531652546
USF2	USF2	0.451619863836031	0.00321918994661449
RBM42	RBM42	0.161668533687009	0.00651489422165224
COX6B1	COX6B1	21.3208577481986	0.00691260800904626
APLP1	APLP1	17.1730889918687	4.48545084654763e-13
CLIP3	CLIP3	6.36920864798494	0.00309500896574417
POLR2I	POLR2I	2.31603282168573	0.0283604827780977
TBCB	TBCB	25.2070060361441	0.0225558254978541
CAPNS1	CAPNS1	12.6032777224186	0.0230226713327923
COX7A1	COX7A1	0.565226383297517	4.98254200213992e-11
EIF3K	EIF3K	14.2556609763699	0.0535752771392314
ECH1	ECH1	0.442972977902949	0.00117318212003033
DLL3	DLL3	2.48204516532784	1.12064944826991e-05
TTC9B	TTC9B	9.31073287814781	5.76706481185023e-05
PLD3	PLD3	14.5758063524764	0.000124115556629473
MIA	MIA	1.9025012037594	4.35020705487061e-18
TMEM91	TMEM91	0.12346503411087	5.66471953198951e-05
EXOSC5	EXOSC5	0.225093887889714	0.0270205896686343
ATP1A3	ATP1A3	1.68072526412595	2.24108476018526e-05
GRIK5	GRIK5	0.103962660844834	0.000293403277707127
ZNF574	ZNF574	0.105376419422827	0.02081894964845
PAFAH1B3	PAFAH1B3	14.0147407450843	0.00255545164780486
TMEM145	TMEM145	0.103114476832832	5.73065333558262e-05
MEGF8	MEGF8	0.319978556075709	2.77010968859076e-05
ZNF428	ZNF428	5.16513590187762	0.0219094926978425
CADM4	CADM4	0.45606844185734	1.03848424684034e-11
APOE	APOE	39.4810638550989	2.11006031067328e-18
DMWD	DMWD	0.171790275755172	0.0132152019829414
ARHGAP35	ARHGAP35	0.1456707272387	0.0013530662782655
TMEM160	TMEM160	2.23650862046881	8.68554907416724e-05
BBC3	BBC3	0.208451480234487	0.000104960780203022
MEIS3	MEIS3	4.96769169259784	0.0315777603212538
SELENOW	SELENOW	51.3336278606795	2.64047276226519e-07
PLEKHA4	PLEKHA4	0.290242216538696	5.391181278877e-05
BAX	BAX	0.155548248549976	0.0851660742875839
RUVBL2	RUVBL2	0.24198757533529	0.0221697922257092
PTOV1	PTOV1	7.39493648150572	0.0384068760245104
EMC10	EMC10	0.539449430324673	0.000215930591591666
JOSD2	JOSD2	0.321686451530713	0.000517110108164434
ETFB	ETFB	4.00032915729021	0.0176676036352645
PRPF31	PRPF31	0.157941563727843	0.00110043040697271
TTYH1	TTYH1	2.30744575263164	5.38480713021519e-32
LENG8	LENG8	0.313684792624493	0.00298502709171382
SYT5	SYT5	1.11805059117409	4.3151221991643e-08
BRSK1	BRSK1	0.127071745608088	0.00891453194651911
KMT5C	KMT5C	0.109977271390605	0.0125453091013753
UBE2S	UBE2S	4.60284727085902	0.00113316725447879
ZNF787	ZNF787	0.187304856986873	0.0693541656478613
ZNF134	ZNF134	0.110872831518926	0.000289612567300051
ZSCAN18	ZSCAN18	0.49091551874088	0.0407367087308609
CHMP2A	CHMP2A	0.695088751926876	0.0844823222273754
UBE2M	UBE2M	8.82976972924437	0.00228168725524342
MICAL3	MICAL3	0.18968100699143	3.24755379628876e-07
C22orf39	C22orf39	0.182410631033337	0.00044388696456308
UFD1	UFD1	0.708095613062637	0.0424953415133197
CLDN5	CLDN5	0.840248343549673	0.00127051104895551
COMT	COMT	3.84116471886017	9.85410339235101e-06
ARVCF	ARVCF	0.334247178519467	5.73475303368069e-09
RTN4R	RTN4R	0.33097109144958	0.0333311929283388
CHCHD10	CHCHD10	3.32272615962797	0.0271547022164602
SLC2A11	SLC2A11	0.116771174322883	0.000239508134224672
MIF	MIF	19.5381323432159	0.0235792349958981
SNRPD3	SNRPD3	0.515624329492476	0.0408591889325511
GRK3	GRK3	1.78201734853472	2.4935098643979e-05
HPS4	HPS4	0.196194050416986	0.0752666040559379
MIAT	MIAT	0.18390293476386	0.000121974158556969
TBC1D10A	TBC1D10A	0.143117448900979	0.000554094984350647
GAL3ST1	GAL3ST1	0.193476611454461	4.4989874938649e-08
YWHAH	YWHAH	39.487724292766	0.00322006547388646
FBXO7	FBXO7	0.523550006369499	5.63898015852014e-06
TIMP3	TIMP3	7.15476537423943	1.62464454945574e-17
GGA1	GGA1	0.133391158426193	0.0467235832448703
LGALS1	LGALS1	39.2886992314755	5.286249618147e-18
ANKRD54	ANKRD54	0.133852842094097	0.0414046639283545
POLR2F	POLR2F	2.50060326000951	2.72979638582763e-05
SOX10	SOX10	0.66034184954649	6.17356477929529e-23
PDGFB	PDGFB	0.289860247946239	6.37319306115245e-08
ATF4	ATF4	0.285794061422504	0.000998634578222293
EP300	EP300	0.16841763332664	0.0379879085784465
CHADL	CHADL	0.198361907137252	1.07287621605242e-05
ACO2	ACO2	1.51601473559437	0.0852375639535315
SNU13	SNU13	7.65727781828594	0.00517469914578561
SMDT1	SMDT1	4.0532968571026	0.0292935256779625
POLDIP3	POLDIP3	0.209269267525399	0.0892167214643183
CYB5R3	CYB5R3	2.64605412191154	0.00184255651623322
TSPO	TSPO	3.2207118718525	1.04922341931824e-11
SULT4A1	SULT4A1	6.18826446935075	1.61250889218083e-05
SAMM50	SAMM50	1.43909984825728	0.00976757622589371
KIAA0930	KIAA0930	0.263937289720635	0.00412779172034429
FAM19A5	FAM19A5	0.112589039205722	0.0141110397950474
DENND6B	DENND6B	0.111560496027062	0.0344137608480367
MAPK8IP2	MAPK8IP2	5.53765911706264	1.78488548806275e-06
MIR99AHG	MIR99AHG	0.247136088412992	4.36939001432935e-10
CXADR	CXADR	0.366055772160812	1.97455767179741e-05
NCAM2	NCAM2	0.418785915192146	1.80997718732659e-06
ATP5PF	ATP5PF	7.6027101528872	0.0107869170820319
APP	APP	5.86688301366913	1.59334309539604e-24
SOD1	SOD1	26.5028809389721	0.00153196343584905
RCAN1	RCAN1	0.204891786996244	0.0347748391768329
CBR1	CBR1	0.854327628399137	0.014112133633669
TTC3	TTC3	5.69410487821431	0.0450337117621489
WRB	WRB	3.67718945382161	0.0023817077112285
PCP4	PCP4	66.1388900012939	1.48841750327062e-09
PTTG1IP	PTTG1IP	0.158044774894217	0.0983863736691748
COL18A1	COL18A1	7.69621698691791	1.54693998997714e-54
PCBP3	PCBP3	2.46431379408125	8.98442760323796e-07
S100B	S100B	14.9399138716419	1.82783117882292e-53
PRMT2	PRMT2	1.01667012683188	0.0323401832429553
MT-ND1	MT-ND1	86.5988759407266	0.00306603774432238
MT-ND2	MT-ND2	45.605584989346	0.000161277199931687
MT-ND3	MT-ND3	53.4786632784927	0.00254351522620661
MT-ND4L	MT-ND4L	2.61633048373874	0.0556452821059342
MT-ND5	MT-ND5	19.6055912894958	0.00151240408940722
MT-CYB	MT-CYB	Inf	0.00229664917502943
